Date;HUFONIA;Turnover (mio HUF)
dátum;HUFONIA;forgalom (m Ft)
2015.01.05;1,348;207215
2015.01.06;1,222;149712
2015.01.07;1,552;144037
2015.01.08;1,516;166001
2015.01.09;1,374;20631
2015.01.10;1,307;21387
2015.01.12;1,387;144949
2015.01.13;1,548;141709
2015.01.14;1,566;152530
2015.01.15;1,881;197823
2015.01.16;2,128;273952
2015.01.19;1,676;205597
2015.01.20;1,813;204672
2015.01.21;1,613;131685
2015.01.22;1,463;145570
2015.01.23;1,391;122525
2015.01.26;1,362;146697
2015.01.27;1,32;130249
2015.01.28;1,357;117593
2015.01.29;1,419;130780
2015.01.30;1,613;198891
2015.02.02;1,598;123024
2015.02.03;1,639;148749
2015.02.04;1,547;154385
2015.02.05;1,5;137147
2015.02.06;1,416;121111
2015.02.09;1,359;132069
2015.02.10;1,361;148161
2015.02.11;1,31;122005
2015.02.12;1,247;123764
2015.02.13;1,217;100860
2015.02.16;1,211;137362
2015.02.17;1,192;111393
2015.02.18;1,211;174876
2015.02.19;1,21;139660
2015.02.20;1,47;190977
2015.02.23;1,396;201579
2015.02.24;1,424;191250
2015.02.25;1,533;155047
2015.02.26;1,895;127709
2015.02.27;2,203;144676
2015.03.02;1,791;162632
2015.03.03;1,814;172192
2015.03.04;1,686;100105
2015.03.05;1,612;134679
2015.03.06;1,58;165385
2015.03.09;1,472;129700
2015.03.10;1,457;132515
2015.03.11;1,286;191617
2015.03.12;1,235;109863
2015.03.13;1,189;140401
2015.03.16;1,185;110849
2015.03.17;1,203;135469
2015.03.18;1,212;131944
2015.03.19;1,141;118495
2015.03.20;1,183;117424
2015.03.23;1,22;182177
2015.03.24;1,218;137724
2015.03.25;1,059;110822
2015.03.26;0,984;88500
2015.03.27;0,798;106825
2015.03.30;0,86;114000
2015.03.31;0,999;217005
2015.04.01;1,193;179562
2015.04.02;1,177;65568
2015.04.03;1,135;64448
2015.04.07;1,059;120709
2015.04.08;1,112;104098
2015.04.09;1,032;103974
2015.04.10;1,085;110325
2015.04.13;1,049;133242
2015.04.14;1,069;162941
2015.04.15;1,265;114662
2015.04.16;1,407;114685
2015.04.17;1,536;120964
2015.04.20;1,792;94774
2015.04.21;2,576;117099
2015.04.22;1,774;172075
2015.04.23;1,954;152509
2015.04.24;1,886;144434
2015.04.27;1,841;116231
2015.04.28;1,797;178372
2015.04.29;1,824;132920
2015.04.30;1,716;152563
2015.05.04;1,549;188314
2015.05.05;1,53;135041
2015.05.06;1,519;145490
2015.05.07;1,759;158191
2015.05.08;1,79;195087
2015.05.11;1,697;159080
2015.05.12;1,684;216871
2015.05.13;1,682;140470
2015.05.14;1,739;160455
2015.05.15;1,636;225650
2015.05.18;1,558;154022
2015.05.19;1,645;167906
2015.05.20;1,776;77665
2015.05.21;1,732;82713
2015.05.22;1,832;140305
2015.05.26;1,743;133815
2015.05.27;1,212;190046
2015.05.28;0,901;124450
2015.05.29;0,657;123215
2015.06.01;1,023;119713
2015.06.02;1,186;169814
2015.06.03;1,339;127311
2015.06.04;1,476;115768
2015.06.05;1,447;115047
2015.06.08;1,454;142856
2015.06.09;1,365;152655
2015.06.10;1,498;120524
2015.06.11;1,59;156612
2015.06.12;1,572;122253
2015.06.15;1,493;152608
2015.06.16;1,535;196460
2015.06.17;1,174;165730
2015.06.18;1,307;118625
2015.06.19;1,512;146218
2015.06.22;1,91;148271
2015.06.23;2,153;179379
2015.06.24;1,055;301819
2015.06.25;0,635;280915
2015.06.26;0,573;173675
2015.06.29;0,572;136145
2015.06.30;0,529;151649
2015.07.01;1,148;176506
2015.07.02;1,029;177435
2015.07.03;0,905;136432
2015.07.06;0,872;146612
2015.07.07;0,843;151387
2015.07.08;1,132;132811
2015.07.09;1,473;147707
2015.07.10;1,871;152135
2015.07.13;1,967;152087
2015.07.14;1,891;175096
2015.07.15;1,6;84751
2015.07.16;1,432;108249
2015.07.17;1,232;150563
2015.07.20;1,323;168424
2015.07.21;1,479;129071
2015.07.22;1,072;100019
2015.07.23;0,518;140227
2015.07.24;0,463;77833
2015.07.27;0,438;72508
2015.07.28;0,391;151506
2015.07.29;0,449;83705
2015.07.30;0,425;97010
2015.07.31;0,513;83868
2015.08.03;0,614;153347
2015.08.04;0,556;88454
2015.08.05;0,575;127156
2015.08.06;0,625;115256
2015.08.07;0,618;20010
2015.08.08;0,66;21451
2015.08.10;0,756;128153
2015.08.11;0,885;183492
2015.08.12;0,904;117874
2015.08.13;0,795;122902
2015.08.14;0,795;152178
2015.08.17;0,708;96021
2015.08.18;0,727;112021
2015.08.19;0,771;126345
2015.08.24;0,637;128012
2015.08.25;0,579;146708
2015.08.26;0,588;166695
2015.08.27;0,723;193220
2015.08.28;0,788;143855
2015.08.31;0,634;101711
2015.09.01;0,932;155314
2015.09.02;0,954;134970
2015.09.03;0,872;129008
2015.09.04;0,758;138720
2015.09.07;0,79;135782
2015.09.08;0,743;170993
2015.09.09;0,961;127490
2015.09.10;1,349;158428
2015.09.11;1,905;210102
2015.09.14;2,166;163152
2015.09.15;2,299;159028
2015.09.16;2,075;177057
2015.09.17;1,979;124357
2015.09.18;1,971;123193
2015.09.21;2,133;136995
2015.09.22;2,122;152981
2015.09.23;1,41;154894
2015.09.24;2,147;178706
2014.01.02;2,055;147180
2014.01.03;2,047;117602
2014.01.06;2,098;201083
2014.01.07;2,103;222765
2014.01.08;2,149;195051
2014.01.09;2,114;122391
2014.01.10;2,057;118711
2014.01.13;2,093;139564
2014.01.14;2,156;209950
2014.01.15;2,13;161929
2014.01.16;2,076;84702
2014.01.17;2,122;87961
2014.01.20;2,397;165752
2014.01.21;3,093;83115
2014.01.22;2,201;134133
2014.01.23;2,072;139695
2014.01.24;2,066;135765
2014.01.27;2,024;161314
2014.01.28;2,127;119436
2014.01.29;2,521;142821
2014.01.30;2,527;146639
2014.01.31;2,471;144545
2014.02.03;2,646;160786
2014.02.04;2,66;147821
2014.02.05;2,202;193670
2014.02.06;2,105;124355
2014.02.07;2,028;117214
2014.02.10;1,999;84521
2014.02.11;2,055;96782
2014.02.12;2,451;179837
2014.02.13;2,332;130480
2014.02.14;2,31;122584
2014.02.17;2,224;154040
2014.02.18;2,097;185752
2014.02.19;1,962;124868
2014.02.20;2,007;149111
2014.02.21;2,061;175102
2014.02.24;2,134;139880
2014.02.25;1,996;132286
2014.02.26;1,904;176675
2014.02.27;1,929;90715
2014.02.28;1,807;128094
2014.03.03;1,891;197940
2014.03.04;1,872;138970
2014.03.05;2,105;150542
2014.03.06;2,238;122175
2014.03.07;2,267;108651
2014.03.10;2,001;119691
2014.03.11;1,917;70334
2014.03.12;2,223;150180
2014.03.13;2,703;148919
2014.03.14;2,797;126306
2014.03.17;2,611;96676
2014.03.18;2,385;104905
2014.03.19;1,951;124645
2014.03.20;1,908;112044
2014.03.21;1,941;123750
2014.03.24;1,862;110871
2014.03.25;1,802;121867
2014.03.26;1,683;95841
2014.03.27;1,607;88533
2014.03.28;1,545;78401
2014.03.31;1,406;141068
2014.04.01;1,685;114408
2014.04.02;2,31;148586
2014.04.03;2,581;136059
2014.04.04;2,407;156063
2014.04.07;1,911;129942
2014.04.08;1,809;114693
2014.04.09;1,956;127348
2014.04.10;1,844;125302
2014.04.11;1,814;152161
2014.04.14;1,816;136609
2014.04.15;1,825;132221
2014.04.16;2,087;141915
2014.04.17;2,3;130193
2014.04.18;2,177;100933
2014.04.22;2,494;115584
2014.04.23;2,235;157389
2014.04.24;2,352;166582
2014.04.25;2,345;154569
2014.04.28;2,319;183425
2014.04.29;2,331;177275
2014.04.30;2,113;185197
2014.05.05;1,992;170946
2014.05.06;1,998;159918
2014.05.07;2,057;134053
2014.05.08;2,04;110962
2014.05.09;1,846;24956
2014.05.10;1,804;23946
2014.05.12;2,069;133961
2014.05.13;2,212;112473
2014.05.14;2,12;100475
2014.05.15;2,144;148682
2014.05.16;2,103;163353
2014.05.19;2,128;172507
2014.05.20;2,297;105489
2014.05.21;1,852;154949
2014.05.22;1,666;73487
2014.05.23;1,52;75284
2014.05.26;1,493;85784
2014.05.27;1,502;49488
2014.05.28;1,503;114642
2014.05.29;1,429;100664
2014.05.30;1,462;101484
2014.06.02;1,756;128509
2014.06.03;1,857;102564
2014.06.04;1,93;137376
2014.06.05;1,853;79876
2014.06.06;1,82;121386
2014.06.10;1,8;117112
2014.06.11;1,726;184681
2014.06.12;1,776;81656
2014.06.13;1,747;122048
2014.06.16;1,931;143007
2014.06.17;1,942;129676
2014.06.18;1,634;107957
2014.06.19;1,524;68867
2014.06.20;1,729;159108
2014.06.23;1,816;169172
2014.06.24;1,833;176331
2014.06.25;1,468;103194
2014.06.26;1,39;82538
2014.06.27;1,302;65536
2014.06.30;1,243;94640
2014.07.01;1,501;127398
2014.07.02;1,865;142240
2014.07.03;1,919;103878
2014.07.04;1,959;94190
2014.07.07;1,93;108031
2014.07.08;1,884;97573
2014.07.09;1,884;109105
2014.07.10;1,73;92072
2014.07.11;1,602;141649
2014.07.14;1,574;111806
2014.07.15;1,703;184080
2014.07.16;1,577;114456
2014.07.17;1,525;80440
2014.07.18;1,466;100008
2014.07.21;2,025;149082
2014.07.22;2,25;122677
2014.07.23;2,07;124117
2014.07.24;2,161;128792
2014.07.25;2,247;155914
2014.07.28;2,113;145615
2014.07.29;1,949;159257
2014.07.30;1,73;143970
2014.07.31;1,28;141254
2014.08.01;1,606;127461
2014.08.04;1,887;136360
2014.08.05;1,811;180077
2014.08.06;1,701;158906
2014.08.07;1,678;117462
2014.08.08;1,555;143355
2014.08.11;1,482;123547
2014.08.12;1,47;165501
2014.08.13;1,437;149111
2014.08.14;1,281;120521
2014.08.15;1,22;136614
2014.08.18;1,165;94883
2014.08.19;1,173;84570
2014.08.21;1,235;85517
2014.08.22;1,088;100538
2014.08.25;1,078;75625
2014.08.26;1,044;76908
2014.08.27;1,06;139695
2014.08.28;1,049;92151
2014.08.29;1,073;137683
2014.09.01;1,234;135571
2014.09.02;1,356;133730
2014.09.03;1,257;149267
2014.09.04;1,188;95355
2014.09.05;1,107;115756
2014.09.08;1,094;99732
2014.09.09;1,094;110780
2014.09.10;1,181;114951
2014.09.11;1,2;125506
2014.09.12;1,211;108014
2014.09.15;1,173;87869
2014.09.16;1,183;78374
2014.09.17;1,16;133316
2014.09.18;1,153;108527
2014.09.19;1,171;117084
2014.09.22;1,253;163804
2014.09.23;1,367;122615
2014.09.24;1,258;81840
2014.09.25;1,24;66235
2014.09.26;1,181;126890
2014.09.29;1,206;124833
2014.09.30;1,241;188384
2014.10.01;1,266;155568
2014.10.02;1,221;117283
2014.10.03;1,217;149649
2014.10.06;1,183;131437
2014.10.07;1,21;72014
2014.10.08;1,369;146847
2014.10.09;1,521;140282
2014.10.10;1,544;101753
2014.10.13;1,601;209940
2014.10.14;1,703;195481
2014.10.15;1,49;175793
2014.10.16;1,383;90435
2014.10.17;1,427;21409
2014.10.18;1,448;19974
2014.10.20;1,427;173842
2014.10.21;1,73;149214
2014.10.22;1,516;216262
2014.10.27;1,385;168658
2014.10.28;1,276;213462
2014.10.29;1,281;199093
2014.10.30;1,272;177728
2014.10.31;1,227;129031
2014.11.03;1,413;194837
2014.11.04;1,469;183543
2014.11.05;1,492;144745
2014.11.06;1,869;123978
2014.11.07;1,864;177766
2014.11.10;1,67;196424
2014.11.11;1,616;138290
2014.11.12;1,677;162446
2014.11.13;1,649;146453
2014.11.14;1,688;169924
2014.11.17;1,63;172435
2014.11.18;1,62;147046
2014.11.19;1,582;147368
2014.11.20;1,762;143576
2014.11.21;1,746;216876
2014.11.24;1,577;176161
2014.11.25;1,592;122662
2014.11.26;1,453;99465
2014.11.27;1,238;116483
2014.11.28;1,125;125106
2014.12.01;1,225;133022
2014.12.02;1,244;96410
2014.12.03;1,303;103390
2014.12.04;1,302;95355
2014.12.05;1,259;103449
2014.12.08;1,179;104397
2014.12.09;1,142;63936
2014.12.10;1,136;97810
2014.12.11;1,154;102550
2014.12.12;1,198;22147
2014.12.13;1,271;27149
2014.12.15;1,193;102537
2014.12.16;1,184;109959
2014.12.17;1,168;122296
2014.12.18;1,216;162739
2014.12.19;1,189;143703
2014.12.22;1,58;196216
2014.12.23;1,364;143562
2014.12.29;1,209;143392
2014.12.30;1,149;153224
2014.12.31;1,071;69440
2013.01.02;5,11;106606
2013.01.03;5,108;85807
2013.01.04;5,095;94642
2013.01.07;5,053;82621
2013.01.08;5,013;82852
2013.01.09;5,525;99339
2013.01.10;6,615;120996
2013.01.11;6,353;167166
2013.01.14;6,329;99094
2013.01.15;6,506;180961
2013.01.16;6,548;135892
2013.01.17;6,603;94239
2013.01.18;6,468;83769
2013.01.21;6,448;131945
2013.01.22;6,41;94637
2013.01.23;5,458;152090
2013.01.24;4,994;128950
2013.01.25;4,934;93940
2013.01.28;4,916;129230
2013.01.29;5,021;149040
2013.01.30;5,376;150368
2013.01.31;4,928;90818
2013.02.01;5,434;126985
2013.02.04;5,305;123608
2013.02.05;5,071;101408
2013.02.06;5,235;92140
2013.02.07;5,443;87497
2013.02.08;5,57;113093
2013.02.11;5,51;109495
2013.02.12;5,329;123680
2013.02.13;4,991;101250
2013.02.14;4,96;120085
2013.02.15;4,918;126729
2013.02.18;4,862;123778
2013.02.19;4,794;107010
2013.02.20;5,016;116314
2013.02.21;5,014;101034
2013.02.22;5,106;95918
2013.02.25;5,171;140568
2013.02.26;5,199;109384
2013.02.27;4,858;93516
2013.02.28;4,348;86175
2013.03.01;4,649;147640
2013.03.04;4,778;145115
2013.03.05;4,644;145990
2013.03.06;4,985;131448
2013.03.07;5,265;107859
2013.03.08;5,282;110851
2013.03.11;5,312;127329
2013.03.12;5,342;109131
2013.03.13;5,088;132381
2013.03.14;5,055;120293
2013.03.18;5,126;125158
2013.03.19;5,086;88320
2013.03.20;5,203;138955
2013.03.21;5,095;99211
2013.03.22;5,133;121329
2013.03.25;5,021;160136
2013.03.26;5,017;148931
2013.03.27;4,574;146988
2013.03.28;4,403;67655
2013.03.29;4,335;101994
2013.04.02;4,821;126479
2013.04.03;4,809;105869
2013.04.04;4,811;146126
2013.04.05;4,687;105677
2013.04.08;4,695;132398
2013.04.09;4,669;118723
2013.04.10;4,802;133680
2013.04.11;4,995;89980
2013.04.12;4,945;89765
2013.04.15;4,92;138750
2013.04.16;4,834;132464
2013.04.17;4,619;79166
2013.04.18;4,282;111352
2013.04.19;4,206;118465
2013.04.22;4,254;192964
2013.04.23;4,548;174945
2013.04.24;4,815;84575
2013.04.25;5,493;97306
2013.04.26;5,636;100296
2013.04.29;5,622;130123
2013.04.30;5,358;130452
2013.05.02;4,647;86419
2013.05.03;4,484;116546
2013.05.06;4,423;102510
2013.05.07;4,487;103890
2013.05.08;4,654;137500
2013.05.09;4,72;98805
2013.05.10;4,693;88156
2013.05.13;4,629;96494
2013.05.14;4,66;71308
2013.05.15;4,619;112721
2013.05.16;4,132;78739
2013.05.17;3,931;81278
2013.05.21;4,149;147031
2013.05.22;4,422;115672
2013.05.23;4,297;145801
2013.05.24;4,099;161300
2013.05.27;4,038;146139
2013.05.28;3,92;189335
2013.05.29;3,848;161644
2013.05.30;3,638;114110
2013.05.31;3,574;136820
2013.06.03;4,218;153308
2013.06.04;4,159;132588
2013.06.05;4,131;113830
2013.06.06;4,405;61230
2013.06.07;4,533;93009
2013.06.10;4,538;103460
2013.06.11;4,597;64808
2013.06.12;4,469;51575
2013.06.13;4,438;62020
2013.06.14;4,434;92780
2013.06.17;4,401;102149
2013.06.18;4,266;101185
2013.06.19;4,059;132525
2013.06.20;4,154;114483
2013.06.21;4,026;135936
2013.06.24;4,066;138632
2013.06.25;3,832;120227
2013.06.26;3,507;130264
2013.06.27;3,49;133011
2013.06.28;3,381;157345
2013.07.01;3,624;135770
2013.07.02;3,609;108544
2013.07.03;3,739;79765
2013.07.04;3,823;110227
2013.07.05;3,974;98077
2013.07.08;4,118;126025
2013.07.09;4,132;107788
2013.07.10;3,953;99490
2013.07.11;3,709;103052
2013.07.12;3,556;150008
2013.07.15;3,531;93464
2013.07.16;3,424;83536
2013.07.17;3,46;102708
2013.07.18;3,446;94950
2013.07.19;3,361;81781
2013.07.22;3,538;126451
2013.07.23;3,69;110046
2013.07.24;3,246;85039
2013.07.25;3,121;69930
2013.07.26;3,109;82677
2013.07.29;3,093;79350
2013.07.30;3,124;112011
2013.07.31;3,085;48571
2013.08.01;3,174;73093
2013.08.02;3,177;52190
2013.08.05;3,144;112208
2013.08.06;3,248;140165
2013.08.07;3,541;153762
2013.08.08;3,842;140413
2013.08.09;3,882;71210
2013.08.12;3,938;106568
2013.08.13;3,836;64472
2013.08.14;3,716;108383
2013.08.15;3,411;103144
2013.08.16;3,338;143653
2013.08.21;3,74;131793
2013.08.22;4,127;108224
2013.08.23;4,031;12216
2013.08.24;3,71;18779
2013.08.26;3,767;130027
2013.08.27;3,624;138729
2013.08.28;3,337;144715
2013.08.29;2,97;118029
2013.08.30;2,901;86835
2013.09.02;3,457;118658
2013.09.03;3,413;151020
2013.09.04;3,311;92456
2013.09.05;3,338;115639
2013.09.06;3,203;100475
2013.09.09;3,057;100267
2013.09.10;2,969;95066
2013.09.11;3,02;124547
2013.09.12;3,108;128323
2013.09.13;3,284;150133
2013.09.16;3,332;226261
2013.09.17;3,193;167024
2013.09.18;2,989;119165
2013.09.19;2,923;60189
2013.09.20;2,904;107358
2013.09.23;2,91;113031
2013.09.24;2,886;109005
2013.09.25;2,76;69064
2013.09.26;2,694;51249
2013.09.27;2,682;61886
2013.09.30;2,675;115452
2013.10.01;2,702;194917
2013.10.02;2,716;84578
2013.10.03;2,681;102204
2013.10.04;2,661;117323
2013.10.07;2,636;118558
2013.10.08;2,644;103393
2013.10.09;2,647;115593
2013.10.10;2,664;69692
2013.10.11;2,638;77835
2013.10.14;2,67;100523
2013.10.15;2,681;127706
2013.10.16;2,745;150616
2013.10.17;2,772;111804
2013.10.18;2,804;95727
2013.10.21;2,889;105160
2013.10.22;3,543;127673
2013.10.24;2,844;183653
2013.10.25;2,753;126978
2013.10.28;2,676;96244
2013.10.29;2,667;67228
2013.10.30;2,615;139320
2013.10.31;2,788;140376
2013.11.04;2,703;136523
2013.11.05;2,795;141223
2013.11.06;2,938;197959
2013.11.07;3,222;161914
2013.11.08;3,118;169834
2013.11.11;3,226;143632
2013.11.12;3,248;132254
2013.11.13;3,074;126885
2013.11.14;2,843;121228
2013.11.15;2,674;125935
2013.11.18;2,67;142283
2013.11.19;2,616;90064
2013.11.20;2,925;166971
2013.11.21;3,333;168633
2013.11.22;3,436;97520
2013.11.25;3,155;108212
2013.11.26;3,187;130246
2013.11.27;2,53;129964
2013.11.28;2,345;187464
2013.11.29;2,335;175083
2013.12.02;2,369;145787
2013.12.03;2,336;152050
2013.12.04;3,069;134208
2013.12.05;3,228;135355
2013.12.06;3,107;17664
2013.12.07;2,976;16930
2013.12.09;3,095;134181
2013.12.10;2,964;100504
2013.12.11;3,072;167652
2013.12.12;3,394;109054
2013.12.13;3,871;141110
2013.12.16;3,77;179304
2013.12.17;3,179;212713
2013.12.18;2,476;199300
2013.12.19;2,184;89349
2013.12.20;2,52;11339
2013.12.21;2,49;10308
2013.12.23;2,26;124743
2013.12.30;2,092;149636
2013.12.31;2,059;61034
2012.01.02;6,096;91710
2012.01.03;6,086;103060
2012.01.04;6,102;85950
2012.01.05;6,082;82910
2012.01.06;6,056;168910
2012.01.09;6,108;162200
2012.01.10;6,013;198280
2012.01.11;6,01;162480
2012.01.12;6,005;116430
2012.01.13;6,003;179350
2012.01.16;6,025;164750
2012.01.17;5,985;150200
2012.01.18;5,966;108580
2012.01.19;6,074;135690
2012.01.20;6,129;105120
2012.01.23;6,139;132690
2012.01.24;6,214;126660
2012.01.25;6,213;151450
2012.01.26;6,268;161190
2012.01.27;6,292;156560
2012.01.30;6,325;99311
2012.01.31;6,257;107151
2012.02.01;6,247;66287
2012.02.02;6,248;95610
2012.02.03;6,2;102176
2012.02.06;6,164;105990
2012.02.07;6,174;140306
2012.02.08;6,217;149024
2012.02.09;6,292;162997
2012.02.10;6,163;181710
2012.02.13;6,162;143545
2012.02.14;6,21;225876
2012.02.15;6,333;175259
2012.02.16;6,543;178916
2012.02.17;6,897;157906
2012.02.20;6,602;202478
2012.02.21;6,671;185368
2012.02.22;6,449;119070
2012.02.23;6,229;180859
2012.02.24;6,216;149812
2012.02.27;6,198;143707
2012.02.28;6,236;147932
2012.02.29;6,226;156370
2012.03.01;6,193;156270
2012.03.02;6,203;141566
2012.03.05;6,203;89657
2012.03.06;6,186;68503
2012.03.07;6,223;89122
2012.03.08;6,214;89735
2012.03.09;6,176;100154
2012.03.12;6,147;213141
2012.03.13;6,196;190336
2012.03.14;6,271;126916
2012.03.19;6,217;99517
2012.03.20;6,227;77975
2012.03.21;6,213;101188
2012.03.22;6,231;90221
2012.03.23;6,588;3931
2012.03.24;6,322;15750
2012.03.26;6,305;108911
2012.03.27;6,268;101390
2012.03.28;6,206;122851
2012.03.29;6,148;123193
2012.03.30;6,202;148156
2012.04.02;6,325;92501
2012.04.03;6,338;68231
2012.04.04;6,298;106067
2012.04.05;6,395;78424
2012.04.06;6,317;112400
2012.04.10;6,281;166828
2012.04.11;6,485;135027
2012.04.12;6,518;143706
2012.04.13;6,445;168067
2012.04.16;6,518;78540
2012.04.17;6,656;80120
2012.04.18;6,473;98450
2012.04.19;6,326;126630
2012.04.20;6,785;1980
2012.04.21;6,853;37924
2012.04.23;6,669;121668
2012.04.24;6,777;117796
2012.04.25;6,404;113692
2012.04.26;6,305;173190
2012.04.27;6,319;130955
2012.05.02;6,322;104980
2012.05.03;6,198;110370
2012.05.04;6,181;97908
2012.05.07;6,169;157743
2012.05.08;6,168;147994
2012.05.09;6,216;108020
2012.05.10;6,207;69615
2012.05.11;6,179;91871
2012.05.14;6,183;68043
2012.05.15;6,199;115096
2012.05.16;6,271;110293
2012.05.17;6,349;90364
2012.05.18;6,318;127420
2012.05.21;6,311;115801
2012.05.22;6,384;129519
2012.05.23;6,302;160770
2012.05.24;6,308;131578
2012.05.25;6,21;146488
2012.05.29;6,236;157451
2012.05.30;6,162;136960
2012.05.31;6,222;115031
2012.06.01;6,319;123842
2012.06.04;6,181;97908
2012.06.05;6,201;89834
2012.06.06;6,26;148417
2012.06.07;6,278;91782
2012.06.08;6,206;119783
2012.06.11;6,266;101720
2012.06.12;6,255;119150
2012.06.13;6,266;138251
2012.06.14;6,252;101388
2012.06.15;6,249;94543
2012.06.18;6,232;111155
2012.06.19;6,222;134240
2012.06.20;6,096;136143
2012.06.21;6,137;191050
2012.06.22;6,107;189800
2012.06.25;6,145;132630
2012.06.26;6,086;150196
2012.06.27;6,14;100845
2012.06.28;6,062;128706
2012.06.29;6,093;112037
2012.07.02;6,169;97330
2012.07.03;6,279;103961
2012.07.04;6,283;91237
2012.07.05;6,256;99000
2012.07.06;6,218;91510
2012.07.09;6,2;100941
2012.07.10;6,196;137667
2012.07.11;6,291;105650
2012.07.12;6,195;101048
2012.07.13;6,162;165634
2012.07.16;6,214;109107
2012.07.17;6,26;104184
2012.07.18;6,29;113531
2012.07.19;6,435;109610
2012.07.20;6,757;102194
2012.07.23;7,639;65755
2012.07.24;7,789;49822
2012.07.25;6,994;88488
2012.07.26;6,488;72707
2012.07.27;6,164;81030
2012.07.30;6,147;88165
2012.07.31;6,183;134405
2012.08.01;6,375;130092
2012.08.02;6,515;87816
2012.08.03;6,392;105145
2012.08.06;6,304;126104
2012.08.07;6,322;116742
2012.08.08;6,375;142700
2012.08.09;6,303;176904
2012.08.10;6,237;177898
2012.08.13;6,181;89461
2012.08.14;6,163;183620
2012.08.15;6,215;141130
2012.08.16;6,261;104395
2012.08.17;6,32;119800
2012.08.21;6,457;127174
2012.08.22;6,432;76041
2012.08.23;6,508;126379
2012.08.24;6,442;117803
2012.08.27;6,237;96788
2012.08.28;6,225;105497
2012.08.29;6,008;115814
2012.08.30;6,082;135740
2012.08.31;6,126;96911
2012.09.03;6,434;104130
2012.09.04;6,257;103240
2012.09.05;6,293;123667
2012.09.06;6,195;76709
2012.09.07;6,126;73310
2012.09.10;6,168;84283
2012.09.11;6,114;90729
2012.09.12;6,029;108672
2012.09.13;6,036;60360
2012.09.14;6,076;97290
2012.09.17;6,034;159355
2012.09.18;6,122;95557
2012.09.19;6,073;132520
2012.09.20;6,168;107700
2012.09.21;6,119;100949
2012.09.24;6,145;109706
2012.09.25;6,042;131537
2012.09.26;5,746;107798
2012.09.27;5,722;117595
2012.09.28;5,605;128998
2012.10.01;5,792;95780
2012.10.02;5,719;131820
2012.10.03;5,901;158868
2012.10.04;5,891;113715
2012.10.05;5,8;155549
2012.10.08;5,845;113101
2012.10.09;5,766;94121
2012.10.10;5,918;142093
2012.10.11;6,151;79257
2012.10.12;6,08;108192
2012.10.15;6,481;100205
2012.10.16;6,251;72975
2012.10.17;6,032;109137
2012.10.18;5,765;131355
2012.10.19;5,733;148317
2012.10.24;5,722;126766
2012.10.25;5,867;138486
2012.10.26;6,149;6061
2012.10.27;5,973;17254
2012.10.29;5,945;146063
2012.10.30;5,927;165825
2012.10.31;5,923;86885
2012.11.05;5,969;91807
2012.11.06;6,12;97815
2012.11.07;5,979;98174
2012.11.08;6,019;73679
2012.11.09;6,028;6361
2012.11.10;5,963;6405
2012.11.12;5,899;193055
2012.11.13;5,497;170626
2012.11.14;5,587;108848
2012.11.15;5,766;112085
2012.11.16;5,614;83183
2012.11.19;5,675;116652
2012.11.20;5,875;139907
2012.11.21;6,164;63152
2012.11.22;6,144;59128
2012.11.23;6,072;115123
2012.11.26;5,728;108274
2012.11.27;5,551;120805
2012.11.28;5,452;93355
2012.11.29;5,223;89780
2012.11.30;5,245;16440
2012.12.01;5,536;13806
2012.12.03;5,341;104839
2012.12.04;5,281;96864
2012.12.05;5,286;68916
2012.12.06;5,284;99166
2012.12.07;5,223;78490
2012.12.10;5,227;104775
2012.12.11;5,218;91409
2012.12.12;5,307;126419
2012.12.13;5,416;95711
2012.12.14;5,518;4730
2012.12.15;5,282;6294
2012.12.17;5,311;162037
2012.12.18;5,243;131705
2012.12.19;4,956;81139
2012.12.20;4,902;58002
2012.12.21;5,102;157270
2012.12.27;4,948;78770
2012.12.28;4,854;78840
2011.01.03;4,809;61610
2011.01.04;4,835;76170
2011.01.05;4,862;66020
2011.01.06;4,821;51325
2011.01.07;4,841;46710
2011.01.10;4,836;78440
2011.01.11;4,867;97030
2011.01.12;5,018;124810
2011.01.13;5,092;115088
2011.01.14;5,121;157030
2011.01.17;5,184;75090
2011.01.18;5,133;99880
2011.01.19;4,928;85432
2011.01.20;4,879;117463
2011.01.21;4,876;143938
2011.01.24;4,916;177555
2011.01.25;5,212;159460
2011.01.26;5,203;89000
2011.01.27;5,14;84340
2011.01.28;5,129;62573
2011.01.31;5,188;80405
2011.02.01;5,238;113200
2011.02.02;5,342;78630
2011.02.03;5,525;86095
2011.02.04;5,548;82515
2011.02.07;5,778;129155
2011.02.08;5,779;145827
2011.02.09;5,495;118068
2011.02.10;5,246;129043
2011.02.11;5,17;109983
2011.02.14;5,123;93910
2011.02.15;5,075;161397
2011.02.16;5,186;82740
2011.02.17;5,178;59429
2011.02.18;5,164;42453
2011.02.21;5,197;81242
2011.02.22;5,341;116910
2011.02.23;5,227;88458
2011.02.24;5,229;154168
2011.02.25;5,219;88118
2011.02.28;5,173;102895
2011.03.01;5,229;106840
2011.03.02;5,209;75851
2011.03.03;5,198;66238
2011.03.04;5,21;78430
2011.03.07;5,203;105944
2011.03.08;5,155;82971
2011.03.09;5,169;70269
2011.03.10;5,179;83009
2011.03.11;5,159;85215
2011.03.16;5,158;97413
2011.03.17;5,143;92488
2011.03.18;5,185;8900
2011.03.19;5,119;9540
2011.03.21;5,13;58889
2011.03.22;5,141;147394
2011.03.23;5,18;111306
2011.03.24;5,212;170165
2011.03.25;5,229;168157
2011.03.28;5,219;171829
2011.03.29;5,251;147985
2011.03.30;5,196;124271
2011.03.31;5,162;156301
2011.04.01;5,227;122368
2011.04.04;5,233;155698
2011.04.05;5,179;111810
2011.04.06;5,247;60043
2011.04.07;5,265;96167
2011.04.08;5,33;88479
2011.04.11;5,376;120648
2011.04.12;5,386;85552
2011.04.13;5,848;103069
2011.04.14;6,805;75743
2011.04.15;6,805;90015
2011.04.18;6,765;87741
2011.04.19;6,405;93458
2011.04.20;5,211;48632
2011.04.21;5,205;53411
2011.04.22;5,177;33405
2011.04.26;5,124;68923
2011.04.27;5,057;72462
2011.04.28;5,106;107113
2011.04.29;5,125;50033
2011.05.02;5,243;76361
2011.05.03;5,189;74207
2011.05.04;5,121;134427
2011.05.05;5,111;122788
2011.05.06;5,074;75136
2011.05.09;5,114;65221
2011.05.10;5,183;142390
2011.05.11;5,223;90777
2011.05.12;5,25;155242
2011.05.13;5,236;98314
2011.05.16;5,246;101486
2011.05.17;5,188;87737
2011.05.18;5,201;93195
2011.05.19;5,467;99352
2011.05.20;5,28;55174
2011.05.23;5,189;99609
2011.05.24;5,195;90857
2011.05.25;5,132;82934
2011.05.26;5,119;60285
2011.05.27;5,124;84107
2011.05.30;5,16;78596
2011.05.31;5,21;119583
2011.06.01;5,322;140587
2011.06.02;5,463;135052
2011.06.03;5,449;101546
2011.06.06;5,224;105968
2011.06.07;5,168;97509
2011.06.08;5,122;130750
2011.06.09;5,172;142062
2011.06.10;5,185;127851
2011.06.14;5,163;103580
2011.06.15;5,119;134960
2011.06.16;5,172;98665
2011.06.17;5,139;117390
2011.06.20;5,119;91155
2011.06.21;5,166;93490
2011.06.22;5,19;96520
2011.06.23;5,384;178830
2011.06.24;5,313;109578
2011.06.27;5,164;120565
2011.06.28;5,276;146560
2011.06.29;5,414;117170
2011.06.30;5,42;123839
2011.07.01;5,42;93365
2011.07.04;5,365;49325
2011.07.05;5,479;96659
2011.07.06;5,282;41501
2011.07.07;5,333;50855
2011.07.08;5,425;102776
2011.07.11;5,265;181985
2011.07.12;5,251;116491
2011.07.13;5,251;88302
2011.07.14;5,33;67509
2011.07.15;5,415;162123
2011.07.18;5,416;115783
2011.07.19;5,305;62726
2011.07.20;5,259;89010
2011.07.21;5,208;63892
2011.07.22;5,162;80039
2011.07.25;5,245;106215
2011.07.26;5,201;91910
2011.07.27;5,18;20090
2011.07.28;5,143;42069
2011.07.29;5,161;48150
2011.08.01;5,286;83100
2011.08.02;5,217;40675
2011.08.03;5,156;90630
2011.08.04;5,154;52726
2011.08.05;5,081;93674
2011.08.08;5,16;150260
2011.08.09;5,178;138918
2011.08.10;5,248;112716
2011.08.11;5,212;155000
2011.08.12;5,131;83998
2011.08.15;5,17;56880
2011.08.16;5,144;70465
2011.08.17;5,129;93425
2011.08.18;5,121;107550
2011.08.19;5,116;103136
2011.08.22;5,097;73613
2011.08.23;5,117;85660
2011.08.24;5,237;133423
2011.08.25;5,463;136830
2011.08.26;5,374;118257
2011.08.29;5,247;102575
2011.08.30;5,317;168376
2011.08.31;5,314;114646
2011.09.01;5,388;86436
2011.09.02;5,379;77758
2011.09.05;5,263;63760
2011.09.06;5,226;32413
2011.09.07;5,294;56365
2011.09.08;5,317;57690
2011.09.09;5,343;73470
2011.09.12;5,478;101273
2011.09.13;5,667;83943
2011.09.14;5,617;80903
2011.09.15;5,364;84010
2011.09.16;5,29;126490
2011.09.19;5,395;86693
2011.09.20;5,429;97337
2011.09.21;5,341;103251
2011.09.22;5,198;65769
2011.09.23;5,177;50501
2011.09.26;5,197;66258
2011.09.27;5,234;111430
2011.09.28;5,196;93146
2011.09.29;5,193;94698
2011.09.30;5,138;106339
2011.10.03;5,305;92840
2011.10.04;5,234;95505
2011.10.05;5,222;49003
2011.10.06;5,092;57360
2011.10.07;5,177;84670
2011.10.10;5,207;98544
2011.10.11;5,26;87411
2011.10.12;5,118;84530
2011.10.13;5,113;24447
2011.10.14;5,09;62817
2011.10.17;5,156;38484
2011.10.18;5,106;58604
2011.10.19;5,173;87378
2011.10.20;5,191;107920
2011.10.21;5,206;116936
2011.10.24;5,225;116281
2011.10.25;5,2;99587
2011.10.26;5,206;64070
2011.10.27;5,155;67070
2011.10.28;5,147;114314
2011.11.02;5,389;140242
2011.11.03;5,562;110568
2011.11.04;5,285;5530
2011.11.05;5,181;10530
2011.11.07;5,112;79580
2011.11.08;5,181;98035
2011.11.09;5,353;113953
2011.11.10;5,239;57112
2011.11.11;5,103;85764
2011.11.14;5,236;88880
2011.11.15;5,226;90258
2011.11.16;5,787;194404
2011.11.17;5,175;51853
2011.11.18;5,191;68470
2011.11.21;5,25;67410
2011.11.22;5,296;102050
2011.11.23;5,24;62875
2011.11.24;5,223;68567
2011.11.25;5,211;60248
2011.11.28;5,161;69735
2011.11.29;5,174;63570
2011.11.30;5,626;91635
2011.12.01;5,648;66768
2011.12.02;5,598;56557
2011.12.05;5,593;77455
2011.12.06;5,578;70286
2011.12.07;5,6;95798
2011.12.08;5,625;65779
2011.12.09;5,654;77796
2011.12.12;5,692;81363
2011.12.13;5,701;73074
2011.12.14;5,638;40598
2011.12.15;5,682;94404
2011.12.16;5,659;69211
2011.12.19;5,669;45599
2011.12.20;5,651;101560
2011.12.21;6,084;28382
2011.12.22;6,177;43190
2011.12.23;6,179;28995
2011.12.27;6,168;55699
2011.12.28;6,106;80690
2011.12.29;6,04;137930
2011.12.30;6,216;44107
2010.01.04;5,44;21955
2010.01.05;5,36;27175
2010.01.06;5,57;81680
2010.01.07;5,72;67780
2010.01.08;5,73;82190
2010.01.11;5,74;91800
2010.01.12;5,72;83370
2010.01.13;6,22;72570
2010.01.14;6,79;64030
2010.01.15;6,44;99722
2010.01.18;6,06;98420
2010.01.19;6,18;87442
2010.01.20;5,97;96346
2010.01.21;5,96;85841
2010.01.22;6,15;109086
2010.01.25;6,21;133161
2010.01.26;6,17;100586
2010.01.27;6,15;55582
2010.01.28;5,86;116882
2010.01.29;5,57;54642
2010.02.01;5,79;84827
2010.02.02;5,77;78547
2010.02.03;5,79;73522
2010.02.04;5,48;81862
2010.02.05;5,36;126502
2010.02.08;5,31;120247
2010.02.09;5,33;107942
2010.02.10;5,81;87587
2010.02.11;6,05;87607
2010.02.12;5,73;92472
2010.02.15;5,48;59597
2010.02.16;5,71;81973
2010.02.17;6,33;93080
2010.02.18;6,21;91246
2010.02.19;6,02;87631
2010.02.22;6,01;69321
2010.02.23;5,85;87126
2010.02.24;5,56;72784
2010.02.25;5,11;51715
2010.02.26;4,91;70802
2010.03.01;5,23;88480
2010.03.02;5,02;58820
2010.03.03;4,86;45600
2010.03.04;4,9;39850
2010.03.05;4,9;47610
2010.03.08;4,88;59690
2010.03.09;4,89;45340
2010.03.10;4,84;38970
2010.03.11;4,84;48250
2010.03.12;4,85;44980
2010.03.16;4,88;48065
2010.03.17;4,81;70220
2010.03.18;4,82;95271
2010.03.19;4,8;70491
2010.03.22;4,83;63928
2010.03.23;4,84;101436
2010.03.24;5,53;91146
2010.03.25;5,1;59210
2010.03.26;4,85;57911
2010.03.29;4,83;56425
2010.03.30;4,69;85093
2010.03.31;4,65;73690
2010.04.01;4,68;82410
2010.04.02;4,66;114840
2010.04.06;4,71;114650
2010.04.07;5,35;114420
2010.04.08;5,15;70990
2010.04.09;4,74;83900
2010.04.12;4,63;42880
2010.04.13;4,64;64300
2010.04.14;4,69;52035
2010.04.15;4,78;74100
2010.04.16;4,74;86340
2010.04.19;4,77;91400
2010.04.20;4,76;98850
2010.04.21;6,29;60655
2010.04.22;6,4;41010
2010.04.23;6,39;35470
2010.04.26;6,41;49280
2010.04.27;6,2;21250
2010.04.28;5,81;97150
2010.04.29;6,14;119530
2010.04.30;6,17;67135
2010.05.03;5,24;102854
2010.05.04;5,17;77842
2010.05.05;5,2;89426
2010.05.06;5,27;99412
2010.05.07;6,04;115768
2010.05.10;5,53;161626
2010.05.11;5,16;108815
2010.05.12;4,59;68092
2010.05.13;4,34;58291
2010.05.14;4,3;16451
2010.05.17;4,34;44417
2010.05.18;4,32;69715
2010.05.19;4,34;52827
2010.05.20;4,49;81811
2010.05.21;4,73;76046
2010.05.25;4,96;111755
2010.05.26;4,93;69280
2010.05.27;4,49;42239
2010.05.28;4,38;29725
2010.05.31;4,52;98602
2010.06.01;4,57;98125
2010.06.02;4,41;56845
2010.06.03;4,43;57880
2010.06.04;4,38;55440
2010.06.07;4,45;34650
2010.06.08;4,43;53606
2010.06.09;4,76;76995
2010.06.10;5,21;77995
2010.06.11;4,98;71410
2010.06.14;4,87;82845
2010.06.15;4,75;107020
2010.06.16;4,29;48180
2010.06.17;4,33;43745
2010.06.18;4,34;55841
2010.06.21;4,34;20860
2010.06.22;4,36;46785
2010.06.23;4,32;46420
2010.06.24;4,31;19235
2010.06.25;4,32;14715
2010.06.28;4,34;33195
2010.06.29;4,36;53660
2010.06.30;4,3;32210
2010.07.01;4,35;45943
2010.07.02;4,3;17423
2010.07.05;4,3;59985
2010.07.06;4,3;61420
2010.07.07;4,3;30990
2010.07.08;4,34;22870
2010.07.09;4,36;26240
2010.07.12;4,34;50430
2010.07.13;4,34;37480
2010.07.14;4,37;43385
2010.07.15;4,37;41240
2010.07.16;4,35;75760
2010.07.19;4,74;57112
2010.07.20;4,47;55550
2010.07.21;4,39;60150
2010.07.22;4,42;66370
2010.07.23;4,43;74870
2010.07.26;4,39;44950
2010.07.27;4,4;30805
2010.07.28;4,36;52260
2010.07.29;4,39;65090
2010.07.30;4,39;49935
2010.08.02;4,44;98200
2010.08.03;4,44;95570
2010.08.04;4,53;98595
2010.08.05;4,45;67575
2010.08.06;4,47;25720
2010.08.09;4,39;41020
2010.08.10;4,43;38280
2010.08.11;4,42;51935
2010.08.12;4,39;45410
2010.08.13;4,4;57040
2010.08.16;4,41;79740
2010.08.17;4,41;44200
2010.08.18;4,44;65970
2010.08.19;4,48;57516
2010.08.23;4,52;108893
2010.08.24;4,52;90000
2010.08.25;4,5;86689
2010.08.26;4,37;80440
2010.08.27;4,37;94990
2010.08.30;4,44;96570
2010.08.31;4,43;65000
2010.09.01;4,506;35300
2010.09.02;4,483;43454
2010.09.03;4,395;27868
2010.09.06;4,407;53110
2010.09.07;4,455;36680
2010.09.08;4,409;69060
2010.09.09;4,405;57360
2010.09.10;4,369;48591
2010.09.13;4,399;24886
2010.09.14;4,387;70780
2010.09.15;4,415;67150
2010.09.16;4,397;68560
2010.09.17;4,379;71420
2010.09.20;4,415;49780
2010.09.21;4,499;114680
2010.09.22;4,516;76740
2010.09.23;4,5;71350
2010.09.24;4,632;82370
2010.09.27;4,627;97490
2010.09.28;4,668;92860
2010.09.29;4,458;63715
2010.09.30;4,442;67735
2010.10.01;4,514;56244
2010.10.04;4,484;46346
2010.10.05;4,452;56283
2010.10.06;4,433;50780
2010.10.07;4,405;68965
2010.10.08;4,423;34008
2010.10.11;4,434;34046
2010.10.12;4,411;31220
2010.10.13;4,423;36525
2010.10.14;4,415;26090
2010.10.15;4,395;28825
2010.10.18;4,353;43220
2010.10.19;4,388;23525
2010.10.20;4,518;44820
2010.10.21;4,584;94147
2010.10.22;4,782;109735
2010.10.25;4,554;79710
2010.10.26;4,53;33700
2010.10.27;4,48;55550
2010.10.28;4,439;68765
2010.10.29;4,446;68450
2010.11.02;4,496;40670
2010.11.03;4,571;72370
2010.11.04;4,544;84255
2010.11.05;4,448;53875
2010.11.08;4,542;81540
2010.11.09;4,456;46930
2010.11.10;4,598;90589
2010.11.11;4,679;61885
2010.11.12;4,819;81960
2010.11.15;5,139;29640
2010.11.16;5,342;85459
2010.11.17;4,918;70168
2010.11.18;4,648;71495
2010.11.19;4,565;60854
2010.11.22;4,433;71620
2010.11.23;4,444;104576
2010.11.24;4,388;85250
2010.11.25;4,388;37470
2010.11.26;4,384;28530
2010.11.29;4,448;45540
2010.11.30;4,663;88940
2010.12.01;4,699;63930
2010.12.02;4,644;57700
2010.12.03;4,601;65370
2010.12.06;4,592;26740
2010.12.07;4,609;45115
2010.12.08;4,646;35830
2010.12.09;4,635;57570
2010.12.10;4,828;8155
2010.12.11;4,736;12530
2010.12.13;4,659;85040
2010.12.14;4,735;81840
2010.12.15;4,661;86336
2010.12.16;4,634;76940
2010.12.17;4,647;51272
2010.12.20;4,751;97058
2010.12.21;5,193;120308
2010.12.22;4,908;36140
2010.12.23;4,761;105641
2010.12.27;4,789;109870
2010.12.28;4,81;60130
2010.12.29;4,808;39210
2010.12.30;4,803;93930
2010.12.31;4,794;105018
2011.01.03;4,809;61610
2009.01.05;9,6;45740
2009.01.06;9,53;62411
2009.01.07;9,61;77410
2009.01.08;9,55;49080
2009.01.09;9,59;56200
2009.01.12;9,56;33211
2009.01.13;9,62;85285
2009.01.14;9,62;70609
2009.01.15;9,59;60850
2009.01.16;9,61;87637
2009.01.19;9,64;89836
2009.01.20;9,12;63690
2009.01.21;9,12;54330
2009.01.22;9,12;51401
2009.01.23;9,17;76690
2009.01.26;9,14;94247
2009.01.27;9,14;70398
2009.01.28;9,15;40319
2009.01.29;9,12;36337
2009.01.30;9,14;82600
2009.02.02;9,16;48392
2009.02.03;9,14;68955
2009.02.04;9,14;40097
2009.02.05;9,1;24478
2009.02.06;9,13;45630
2009.02.09;9,09;50050
2009.02.10;9,13;39590
2009.02.11;9,07;24880
2009.02.12;9,08;31795
2009.02.13;9,15;25050
2009.02.16;9,13;29430
2009.02.17;9,17;43140
2009.02.18;9,13;27840
2009.02.19;9,11;42370
2009.02.20;9,13;25500
2009.02.23;9,17;34155
2009.02.24;9,17;69660
2009.02.25;9,18;79400
2009.02.26;9,08;61750
2009.02.27;9,15;119950
2009.03.02;9,17;83940
2009.03.03;9,21;58730
2009.03.04;9,13;98865
2009.03.05;9,24;87285
2009.03.06;9,23;91884
2009.03.09;9,21;96625
2009.03.10;9,23;88290
2009.03.11;9,15;59050
2009.03.12;9,17;47350
2009.03.13;9,16;47585
2009.03.16;9,15;27680
2009.03.17;9,17;19685
2009.03.18;9,09;18060
2009.03.19;9,09;15625
2009.03.20;9,08;17820
2009.03.23;9,14;23610
2009.03.24;9,08;19830
2009.03.25;9,13;38846
2009.03.26;9,11;25270
2009.03.27;9,02;7080
2009.03.28;9,05;7953
2009.03.30;9,09;15280
2009.03.31;9,17;73100
2009.04.01;9,11;40795
2009.04.02;9,09;52510
2009.04.03;9,08;50440
2009.04.06;9,08;51247
2009.04.07;9,09;45180
2009.04.08;9,02;32060
2009.04.09;9,04;24640
2009.04.10;9,09;26840
2009.04.14;9,04;12000
2009.04.15;9,08;7000
2009.04.16;9,12;28870
2009.04.17;9,12;27210
2009.04.20;9,14;17735
2009.04.21;9,18;74505
2009.04.22;9,19;76993
2009.04.23;9,17;44223
2009.04.24;9,17;46280
2009.04.27;9,12;38420
2009.04.28;9,07;27470
2009.04.29;9,09;21635
2009.04.30;9,07;26544
2009.05.04;9,09;22380
2009.05.05;9,08;25420
2009.05.06;9,07;17941
2009.05.07;9,05;27915
2009.05.08;9,14;73000
2009.05.11;9,08;21780
2009.05.12;9,18;52340
2009.05.13;9,08;38670
2009.05.14;9,07;34415
2009.05.15;9,08;26500
2009.05.18;9,17;24870
2009.05.19;9,15;25040
2009.05.20;9,15;38956
2009.05.21;9,18;36860
2009.05.22;9,16;51540
2009.05.25;9,14;23933
2009.05.26;9,13;52460
2009.05.27;9,17;22050
2009.05.28;9,15;32200
2009.05.29;9,17;67412
2009.06.02;9,24;74235
2009.06.03;9,15;36160
2009.06.04;9,1;19325
2009.06.05;9,09;43660
2009.06.08;9,11;30700
2009.06.09;9,08;22950
2009.06.10;9,13;23510
2009.06.11;9,07;9740
2009.06.12;9,11;21880
2009.06.15;9,1;24980
2009.06.16;9,12;46690
2009.06.17;9,1;50565
2009.06.18;9,165751921;40995
2009.06.19;9,06;34930
2009.06.22;9,12;38565
2009.06.23;9,16;45255
2009.06.24;9,1;36275
2009.06.25;9,08;30945
2009.06.26;9,11;32872
2009.06.29;9,13;95185
2009.06.30;9,12;76035
2009.07.01;9,17;91070
2009.07.02;9,14;49935
2009.07.03;9,13;43270
2009.07.06;9,13;46800
2009.07.07;9,16;35120
2009.07.08;9,12;36815
2009.07.09;9,12;36640
2009.07.10;9,07;12400
2009.07.13;9,08;20790
2009.07.14;9,1;18680
2009.07.15;9,08;29340
2009.07.16;9,09;25190
2009.07.17;9,1;44404
2009.07.20;9,09;49144
2009.07.21;9,12;63804
2009.07.22;9,13;39064
2009.07.23;9,11;36634
2009.07.24;9,12;55970
2009.07.27;9,14;38819
2009.07.28;8,15;31240
2009.07.29;8,11;27805
2009.07.30;8,1;38560
2009.07.31;8,07;29660
2009.08.03;8,07;13660
2009.08.04;8,07;13190
2009.08.05;8,11;14920
2009.08.06;8,1;15715
2009.08.07;8,14;55190
2009.08.10;8,15;40400
2009.08.11;8,14;42596
2009.08.12;8,12;24430
2009.08.13;8,15;37180
2009.08.14;8,11;58015
2009.08.17;8,16;91351
2009.08.18;8,12;85440
2009.08.19;8,11;31266
2009.08.24;8,13;61771
2009.08.25;7,74;56544
2009.08.26;7,63;27518
2009.08.27;7,59;21249
2009.08.28;7,54;3189
2009.08.29;7,57;2779
2009.08.31;7,66;35465
2009.09.01;7,58;30929
2009.09.02;7,56;39566
2009.09.03;7,61;22439
2009.09.04;7,62;29785
2009.09.07;7,62;20230
2009.09.08;7,61;15303
2009.09.09;7,61;20975
2009.09.10;7,62;32230
2009.09.11;7,61;31303
2009.09.14;7,66;67966
2009.09.15;7,66;67011
2009.09.16;7,61;38921
2009.09.17;7,59;45071
2009.09.18;7,62;54576
2009.09.21;7,61;67946
2009.09.22;7,6;76923
2009.09.23;7,7;78081
2009.09.24;7,72;76184
2009.09.25;7,75;61629
2009.09.28;7,66;60092
2009.09.29;7,23;39617
2009.09.30;7,26;68230
2009.10.01;7,09;40902
2009.10.02;7,12;39320
2009.10.05;7,13;34470
2009.10.06;7,15;48806
2009.10.07;7,18;61151
2009.10.08;7,2;66501
2009.10.09;7,23;79741
2009.10.12;7,17;43401
2009.10.13;7,19;37141
2009.10.14;7,16;38232
2009.10.15;7,13;25152
2009.10.16;7,15;48602
2009.10.19;7,15;51467
2009.10.20;6,65;47472
2009.10.21;6,66;45315
2009.10.22;6,67;50978
2009.10.26;6,65;34530
2009.10.27;6,63;58050
2009.10.28;6,67;66970
2009.10.29;6,66;48960
2009.10.30;6,68;75434
2009.11.02;6,72;56825
2009.11.03;6,7;69861
2009.11.04;6,64;30860
2009.11.05;6,68;55329
2009.11.06;6,7;58769
2009.11.09;6,68;71615
2009.11.10;6,68;71900
2009.11.11;6,69;62400
2009.11.12;6,7;66670
2009.11.13;6,68;44917
2009.11.16;6,71;79860
2009.11.17;6,69;67308
2009.11.18;6,71;76360
2009.11.19;6,74;81660
2009.11.20;6,73;74185
2009.11.23;6,72;55426
2009.11.24;5,8;99526
2009.11.25;5,85;103346
2009.11.26;5,86;97476
2009.11.27;5,84;80011
2009.11.30;5,84;105380
2009.12.01;5,85;89130
2009.12.02;5,76;49070
2009.12.03;5,72;48655
2009.12.04;5,73;66100
2009.12.07;5,7;22771
2009.12.08;5,64;23691
2009.12.09;5,71;54086
2009.12.10;5,81;71736
2009.12.11;5,95;50161
2009.12.14;6,77;95613
2009.12.15;7,16;35208
2009.12.16;5,94;103375
2009.12.17;5,88;61286
2009.12.18;5,73;8609
2009.12.19;5,78;12209
2009.12.21;5,92;59310
2009.12.22;6,08;83580
2009.12.23;5,74;32938
2009.12.28;5,47;32939
2009.12.29;5,51;30050
2009.12.30;5,37;24930
2009.12.31;5,41;40392
2008.01.02;7,4;88485
2008.01.03;7,33;101210
2008.01.04;7,33;97195
2008.01.07;7,4;114864
2008.01.08;7,43;73031
2008.01.09;7,55;116385
2008.01.10;7,66;113820
2008.01.11;7,66;112600
2008.01.14;7,64;109905
2008.01.15;7,71;109114
2008.01.16;7,5;149830
2008.01.17;7,43;105610
2008.01.18;7,33;148325
2008.01.21;7,29;133730
2008.01.22;7,3;103263
2008.01.23;7,5;125255
2008.01.24;7,49;146535
2008.01.25;7,44;151350
2008.01.28;7,42;142705
2008.01.29;7,42;172070
2008.01.30;7,82;134935
2008.01.31;8,09;150675
2008.02.01;7,57;99300
2008.02.04;7,53;150620
2008.02.05;7,51;104085
2008.02.06;7,51;141100
2008.02.07;7,53;96420
2008.02.08;7,58;119075
2008.02.11;7,59;97000
2008.02.12;7,61;97570
2008.02.13;7,51;102785
2008.02.14;7,5;63435
2008.02.15;7,57;84890
2008.02.18;7,57;81775
2008.02.19;7,53;122265
2008.02.20;7,41;67485
2008.02.21;7,41;70770
2008.02.22;7,3;115405
2008.02.25;7,08;109485
2008.02.26;6,79;58065
2008.02.27;6,64;142300
2008.02.28;6,59;132677
2008.02.29;6,69;119748
2008.03.03;7,66;97012
2008.03.04;7,73;107125
2008.03.05;7,71;43701
2008.03.06;7,84;105621
2008.03.07;7,88;99606
2008.03.10;7,82;128805
2008.03.11;7,59;138381
2008.03.12;6,68;178414
2008.03.13;6,69;200570
2008.03.14;6,77;171672
2008.03.17;6,87;124425
2008.03.18;6,72;140960
2008.03.19;6,62;108344
2008.03.20;6,63;129256
2008.03.21;6,63;123841
2008.03.25;6,66;57456
2008.03.26;6,59;78545
2008.03.27;6,59;63661
2008.03.28;6,59;141295
2008.03.31;6,59;207100
2008.04.01;7,94;118318
2008.04.02;7,76;97800
2008.04.03;7,49;137761
2008.04.04;7,17;143205
2008.04.07;7,2;161075
2008.04.08;7,28;167175
2008.04.09;7,24;124965
2008.04.10;7,21;133940
2008.04.11;7,19;61185
2008.04.14;7,2;130051
2008.04.15;7,24;114305
2008.04.16;7,41;133455
2008.04.17;7,27;151135
2008.04.18;7,28;147988
2008.04.21;7,31;144260
2008.04.22;7,34;174595
2008.04.23;7,36;152580
2008.04.24;7,19;111510
2008.04.25;7,19;7970
2008.04.26;7,18;28610
2008.04.28;7,26;105160
2008.04.29;7,37;97105
2008.04.30;7,75;155770
2008.05.05;8,3;80030
2008.05.06;8,4;68805
2008.05.07;8,01;46150
2008.05.08;8,06;98755
2008.05.09;8,16;127212
2008.05.13;8,16;83622
2008.05.14;8,21;72120
2008.05.15;8,2;94010
2008.05.16;8,1;78250
2008.05.19;8,13;138940
2008.05.20;7,83;78630
2008.05.21;7,35;62710
2008.05.22;7,31;136855
2008.05.23;7,3;116225
2008.05.26;7,34;136111
2008.05.27;7,6;147200
2008.05.28;7,55;45240
2008.05.29;7,57;117620
2008.05.30;7,56;93660
2008.06.02;8,32;77570
2008.06.03;8,29;91395
2008.06.04;8,01;140055
2008.06.05;7,74;109135
2008.06.06;7,75;209022
2008.06.09;7,81;200176
2008.06.10;7,82;152722
2008.06.11;7,71;228269
2008.06.12;7,69;128835
2008.06.13;7,71;142825
2008.06.16;7,74;76793
2008.06.17;7,71;74344
2008.06.18;7,63;100810
2008.06.19;7,59;67185
2008.06.20;7,58;72323
2008.06.23;7,57;72135
2008.06.24;7,57;97445
2008.06.25;7,53;33815
2008.06.26;7,53;16050
2008.06.27;7,55;94445
2008.06.30;7,58;157550
2008.07.01;7,92;131113
2008.07.02;7,87;71602
2008.07.03;7,85;72136
2008.07.04;7,75;83127
2008.07.07;7,73;60348
2008.07.08;7,82;108787
2008.07.09;7,72;111359
2008.07.10;7,71;163455
2008.07.11;7,65;119921
2008.07.14;7,8;177540
2008.07.15;8,13;163801
2008.07.16;8,34;140381
2008.07.17;8,18;128403
2008.07.18;8,22;99938
2008.07.21;8,3;127894
2008.07.22;8,19;97477
2008.07.23;7,69;174500
2008.07.24;7,6;74740
2008.07.25;7,56;84821
2008.07.28;7,58;85120
2008.07.29;7,61;114770
2008.07.30;7,72;180140
2008.07.31;7,72;105545
2008.08.01;8,46;113415
2008.08.04;8,72;185895
2008.08.05;8,79;115006
2008.08.06;8,84;92054
2008.08.07;8,8;105180
2008.08.08;8,67;70592
2008.08.11;8,47;101820
2008.08.12;8,3;114620
2008.08.13;8,22;68515
2008.08.14;8,43;95690
2008.08.15;8,45;91588
2008.08.18;8,65;144458
2008.08.19;8,63;136375
2008.08.21;8,53;54874
2008.08.22;8,5;133295
2008.08.25;8,33;170620
2008.08.26;8,19;94055
2008.08.27;7,61;106030
2008.08.28;7,59;46700
2008.08.29;7,55;49464
2008.09.01;8,32;118991
2008.09.02;8,43;101033
2008.09.03;8,45;84275
2008.09.04;8,49;95122
2008.09.05;8,5;87075
2008.09.08;8,31;69430
2008.09.09;8,31;54170
2008.09.10;8,5;131571
2008.09.11;8,45;81616
2008.09.12;8,45;96622
2008.09.15;8,57;104245
2008.09.16;8,97;141588
2008.09.17;9,21;153545
2008.09.18;9,43;149745
2008.09.19;9,14;190817
2008.09.22;8,75;109435
2008.09.23;8,09;86610
2008.09.24;7,55;65674
2008.09.25;7,59;66124
2008.09.26;7,59;75710
2008.09.29;7,61;65975
2008.09.30;7,71;138477
2008.10.01;8,48;139740
2008.10.02;8,61;131710
2008.10.03;8,58;144436
2008.10.06;8,57;115592
2008.10.07;8,54;94422
2008.10.08;7,9;107830
2008.10.09;7,76;130755
2008.10.10;7,83;108065
2008.10.13;7,96;100460
2008.10.14;7,9;160230
2008.10.15;7,84;132875
2008.10.16;7,93;120445
2008.10.17;8,02;5260
2008.10.18;8,03;26920
2008.10.20;8;131843
2008.10.21;8,23;119320
2008.10.22;9,07;100830
2008.10.27;11,35;119982
2008.10.28;11,38;86590
2008.10.29;11,34143165;143165
2008.10.30;11,39;83133
2008.10.31;11,3;64933
2008.11.03;11,5;121077
2008.11.04;11,49;138656
2008.11.05;11,53;115940
2008.11.06;11,47;101185
2008.11.07;11,5;99560
2008.11.10;11,47;77218
2008.11.11;11,51;78272
2008.11.12;11,43;76725
2008.11.13;11,44;98210
2008.11.14;11,28;100360
2008.11.17;11,23;77932
2008.11.18;11,19;49030
2008.11.19;11,19;54658
2008.11.20;11,19;66710
2008.11.21;11,21;74988
2008.11.24;11,3;40240
2008.11.25;10,71;46710
2008.11.26;10,64;66450
2008.11.27;10,76;52195
2008.11.28;10,71;110163
2008.12.01;10,73;40554
2008.12.02;10,7;16915
2008.12.03;10,67;27910
2008.12.04;10,59;56324
2008.12.05;10,52;47730
2008.12.08;10,52;54265
2008.12.09;10,14;103328
2008.12.10;10,12;38741
2008.12.11;10,11;18718
2008.12.12;10,07;43372
2008.12.15;10,09;39105
2008.12.16;10,09;59291
2008.12.17;10,1;34998
2008.12.18;10,09;29199
2008.12.19;10;12740
2008.12.20;10,01;14560
2008.12.22;10,06;45838
2008.12.23;9,59;56387
2008.12.29;9,67;72215
2008.12.30;9,65;88231
2008.12.31;9,61;121000
2007.01.02;7,91;83890
2007.01.03;7,69;51275
2007.01.04;7,63;49440
2007.01.05;7,56;37545
2007.01.08;7,62;65250
2007.01.09;7,96;96860
2007.01.10;8,33;106930
2007.01.11;8,36;169622
2007.01.12;8,39;119555
2007.01.15;8,15;160550
2007.01.16;7,98;118490
2007.01.17;7,97;172705
2007.01.18;7,96;122095
2007.01.19;7,91;107111
2007.01.22;7,88;137118
2007.01.23;7,84;145265
2007.01.24;7,88;136150
2007.01.25;7,78;120140
2007.01.26;7,56;176770
2007.01.29;7,11;108173
2007.01.30;7,25;102250
2007.01.31;7,54;180387
2007.02.01;8,05;69465
2007.02.02;8,06;144385
2007.02.05;7,99;69255
2007.02.06;7,99;75505
2007.02.07;7,95;86365
2007.02.08;7,98;61445
2007.02.09;7,96;61447
2007.02.12;7,91;64600
2007.02.13;7,86;108132
2007.02.14;7,93;169285
2007.02.15;8,03;81215
2007.02.16;8,01;117412
2007.02.19;8;168905
2007.02.20;7,91;156320
2007.02.21;7,88;124300
2007.02.22;7,94;113235
2007.02.23;7,96;161607
2007.02.26;7,83;180705
2007.02.27;7,35;233056
2007.02.28;7,45;127020
2007.03.01;8,04;163735
2007.03.02;8,04;212755
2007.03.05;8,07;113800
2007.03.06;8;102788
2007.03.07;8,02;136743
2007.03.08;7,96;65019
2007.03.09;7,9;7749
2007.03.10;7,88;12131
2007.03.12;7,96;141158
2007.03.13;7,89;128745
2007.03.14;7,59;197236
2007.03.19;7,37;156999
2007.03.20;7,59;202675
2007.03.21;8,76;189823
2007.03.22;8,82;84152
2007.03.23;8,46;121215
2007.03.26;7,59;146169
2007.03.27;7,81;170552
2007.03.28;7,95;157552
2007.03.29;8,11;165001
2007.03.30;8,43;153960
2007.04.02;8,14;123140
2007.04.03;8,24;115175
2007.04.04;8,43;107970
2007.04.05;8,12;81560
2007.04.06;8,03;122570
2007.04.10;8;98265
2007.04.11;7,98;91620
2007.04.12;7,83;106586
2007.04.13;7,51;113205
2007.04.16;7,56;51075
2007.04.17;7,81;113495
2007.04.18;7,97;120570
2007.04.19;7,87;64355
2007.04.20;7,66;10070
2007.04.21;7,65;58781
2007.04.23;7,68;142675
2007.04.24;7,55;86380
2007.04.25;7,28;85420
2007.04.26;7,19;143230
2007.04.27;7,21;84525
2007.05.02;7,91;100319
2007.05.03;7,86;66110
2007.05.04;7,92;116835
2007.05.07;7,97;167930
2007.05.08;7,94;145019
2007.05.09;8,02;187700
2007.05.10;8,13;163530
2007.05.11;8,18;196925
2007.05.14;8,16;123490
2007.05.15;8,22;146255
2007.05.16;8;78865
2007.05.17;7,92;79595
2007.05.18;7,86;78590
2007.05.21;7,82;134165
2007.05.22;7,87;229368
2007.05.23;7,65;196090
2007.05.24;7,45;125147
2007.05.25;7,31;78614
2007.05.29;7,11;111025
2007.05.30;7,1;204135
2007.05.31;7,16;189595
2007.06.01;8,35;153355
2007.06.04;8,57;127547
2007.06.05;8,24;136171
2007.06.06;8,29;173525
2007.06.07;8,21;155085
2007.06.08;8,42;117465
2007.06.11;8,37;142786
2007.06.12;8;138937
2007.06.13;8,05;92175
2007.06.14;8,13;161220
2007.06.15;8,3;131405
2007.06.18;8,3;122500
2007.06.19;8,3;170570
2007.06.20;8,56;123000
2007.06.21;8,21;106275
2007.06.22;8,26;134395
2007.06.25;8,48;130350
2007.06.26;8,52;191276
2007.06.27;8,66;168625
2007.06.28;8,67;168631
2007.06.29;8,6;144335
2007.07.02;7,73;106431
2007.07.03;7,65;129577
2007.07.04;7,6;153870
2007.07.05;7,47;137040
2007.07.06;7,37;216655
2007.07.09;7,38;153775
2007.07.10;7,43;132385
2007.07.11;7,72;104905
2007.07.12;7,69;72595
2007.07.13;7,73;140575
2007.07.16;7,81;99800
2007.07.17;7,74;164595
2007.07.18;7,57;69492
2007.07.19;7,09;95260
2007.07.20;6,86;47292
2007.07.23;6,86;60485
2007.07.24;6,85;72180
2007.07.25;7,07;124270
2007.07.26;6,77;28866
2007.07.27;6,78;63755
2007.07.30;6,84;91325
2007.07.31;6,89;165930
2007.08.01;7,81;113760
2007.08.02;7,85;129135
2007.08.03;7,93;122125
2007.08.06;7,97;95720
2007.08.07;8,01;85310
2007.08.08;8,04;107845
2007.08.09;8,07;83090
2007.08.10;8,15;165555
2007.08.13;8,16;161250
2007.08.14;7,98;110107
2007.08.15;7,84;121800
2007.08.16;7,85;96310
2007.08.17;7,98;191175
2007.08.21;7,84;159770
2007.08.22;7,56;183125
2007.08.23;7,36;175385
2007.08.24;6,84;95305
2007.08.27;6,8;54830
2007.08.28;6,8;27212
2007.08.29;6,81;106890
2007.08.30;6,78;81560
2007.08.31;6,84;139536
2007.09.03;7,71;105570
2007.09.04;7,74;116490
2007.09.05;7,7;86095
2007.09.06;7,69;80489
2007.09.07;7,64;80641
2007.09.10;7,65;81285
2007.09.11;7,6;58755
2007.09.12;7,62;71595
2007.09.13;7,64;87775
2007.09.14;7,66;140590
2007.09.17;7,66;142160
2007.09.18;7,6;145430
2007.09.19;7,58;70205
2007.09.20;7,53;91095
2007.09.21;7,4;135875
2007.09.24;7,28;160985
2007.09.25;7,19;110150
2007.09.26;6,88;136765
2007.09.27;6,62;113800
2007.09.28;6,64;134015
2007.10.01;7,44;127400
2007.10.02;7,52;91500
2007.10.03;7,65;114695
2007.10.04;7,6;109780
2007.10.05;7,7;149595
2007.10.08;7,61;105710
2007.10.09;7,58;85855
2007.10.10;7,32;113430
2007.10.11;7,35;123170
2007.10.12;7,07;130060
2007.10.15;7,02;101140
2007.10.16;7,19;149200
2007.10.17;7,6;138865
2007.10.18;7,52;124685
2007.10.19;7,44;11100
2007.10.20;7,46;40090
2007.10.24;7,45;108470
2007.10.25;7,78;149560
2007.10.26;8;15198
2007.10.27;8,18;22020
2007.10.29;8,36;138810
2007.10.30;8,41;111020
2007.10.31;8,41;142355
2007.11.05;7,53;118350
2007.11.06;7,44;89805
2007.11.07;7,34;55349
2007.11.08;7,39;82875
2007.11.09;7,3;105790
2007.11.12;7,26;88441
2007.11.13;7,28;117140
2007.11.14;7,12;91720
2007.11.15;6,95;166215
2007.11.16;6,81;90770
2007.11.19;6,71;139750
2007.11.20;6,64;135425
2007.11.21;6,73;126770
2007.11.22;6,7;157480
2007.11.23;6,63;136530
2007.11.26;6,62;111835
2007.11.27;6,64;98970
2007.11.28;6,61;96120
2007.11.29;6,58;44450
2007.11.30;6,57;123245
2007.12.03;7,22;146155
2007.12.04;7,29;71485
2007.12.05;6,58;147250
2007.12.06;6,63;142905
2007.12.07;6,56;199283
2007.12.10;6,59;160356
2007.12.11;6,52;155240
2007.12.12;6,55;148107
2007.12.13;6,69;172560
2007.12.14;6,81;197648
2007.12.17;6,55;144175
2007.12.18;7,33;122836
2007.12.19;7,64;156340
2007.12.20;8,05;136120
2007.12.21;8,5;18060
2007.12.22;8,36;118565
2007.12.27;6,77;110440
2007.12.28;6,57;19630
2007.12.29;6,62;15801
2006.01.02;5,8;65645
2006.01.03;5,9;107715
2006.01.04;6,01;93290
2006.01.05;5,99;75155
2006.01.06;5,96;42575
2006.01.09;5,95;97765
2006.01.10;5,96;60625
2006.01.11;5,88;76010
2006.01.12;5,87;66915
2006.01.13;5,92;106165
2006.01.16;5,93;90610
2006.01.17;5,84;77630
2006.01.18;5,7;77870
2006.01.19;5,53;84545
2006.01.20;5,25;104325
2006.01.23;5,24;82185
2006.01.24;5,36;120830
2006.01.25;6,46;102650
2006.01.26;6,9;104670
2006.01.27;6,78;135797
2006.01.30;5,54;130855
2006.01.31;5,33;111010
2006.02.01;5,9;45530
2006.02.02;5,89;107185
2006.02.03;5,75;81265
2006.02.06;5,74;87996
2006.02.07;5,72;110211
2006.02.08;5,74;87926
2006.02.09;5,71;92006
2006.02.10;5,65;80431
2006.02.13;5,5;82747
2006.02.14;5,67;96542
2006.02.15;6,03;139950
2006.02.16;6,54;169445
2006.02.17;6,36;138505
2006.02.20;5,97;107014
2006.02.21;6,29;176385
2006.02.22;6,25;175850
2006.02.23;5,99;139605
2006.02.24;5,7;148490
2006.02.27;5,43;164970
2006.02.28;5,21;104085
2006.03.01;5,96;104200
2006.03.02;5,92;146010
2006.03.03;5,8;135200
2006.03.06;5,8;123885
2006.03.07;5,76;69115
2006.03.08;5,77;123552
2006.03.09;5,59;165895
2006.03.10;5,16;163690
2006.03.13;5,08;111596
2006.03.14;5,1;136339
2006.03.17;5,03;71700
2006.03.20;5,03;52750
2006.03.21;5,04;69785
2006.03.22;5,02;16100
2006.03.23;5,02;19120
2006.03.24;5;14705
2006.03.27;5,02;20390
2006.03.28;5,03;52940
2006.03.29;5,03;38040
2006.03.30;5,03;70255
2006.03.31;5,06;59985
2006.04.03;5,83;146995
2006.04.04;5,91;138930
2006.04.05;5,84;125390
2006.04.06;5,94;185721
2006.04.07;5,83;184077
2006.04.10;5,85;71686
2006.04.11;5,77;52516
2006.04.12;5,51;124872
2006.04.13;5,203031789;61185
2006.04.14;5,11;100510
2006.04.18;5,13;124520
2006.04.19;5,2;137830
2006.04.20;5,34;118400
2006.04.21;6,01;116780
2006.04.24;6,19;176646
2006.04.25;5,99;157425
2006.04.26;5,23;130395
2006.04.27;5,07;7450
2006.04.28;5,06;69830
2006.05.02;5,65;83255
2006.05.03;5,87;101735
2006.05.04;5,66;147420
2006.05.05;5,63;130555
2006.05.08;5,66;85240
2006.05.09;5,66;61262
2006.05.10;6,04;174345
2006.05.11;6,07;115835
2006.05.12;5,79;98195
2006.05.15;5,67;110021
2006.05.16;5,64;94410
2006.05.17;5,67;149374
2006.05.18;5,7;112435
2006.05.19;5,52;147590
2006.05.22;5,2;193785
2006.05.23;5,22;152500
2006.05.24;5,44;111955
2006.05.25;5,43;123710
2006.05.26;5,34;165390
2006.05.29;5,13;194431
2006.05.30;5,63;142324
2006.05.31;6,83;76746
2006.06.01;6,13;166105
2006.06.02;6,07;228295
2006.06.06;6,04;183480
2006.06.07;5,9;80290
2006.06.08;5,72;59885
2006.06.09;5,54;115700
2006.06.12;5,53;98590
2006.06.13;5,44;137495
2006.06.14;5,26;148110
2006.06.15;5,29;113300
2006.06.16;5,64;94410
2006.06.19;5,14;97540
2006.06.20;5,37;113050
2006.06.21;5,56;144135
2006.06.22;5,54;105240
2006.06.23;5,37;135230
2006.06.26;5,38;96685
2006.06.27;5,34;86210
2006.06.28;5,37;90520
2006.06.29;5,37;115260
2006.06.30;5,32;124270
2006.07.03;6,15;198776
2006.07.04;6,28;142305
2006.07.05;6,14;98975
2006.07.06;6,07;103235
2006.07.07;6,17;133960
2006.07.10;6,12;73855
2006.07.11;6,16;124505
2006.07.12;6,19;50640
2006.07.13;6,17;42290
2006.07.14;6,19;121625
2006.07.17;6,22;82895
2006.07.18;6,18;67290
2006.07.19;5,98;78330
2006.07.20;5,98;78330
2006.07.21;5,76;63750
2006.07.24;5,5;92520
2006.07.25;6,03;98870
2006.07.26;5,97;154500
2006.07.27;5,92;108620
2006.07.28;5,99;169345
2006.07.31;6,93;140040
2006.08.01;6,94;157775
2006.08.02;6,83;163755
2006.08.03;6,87;112105
2006.08.04;6,9;119660
2006.08.07;6,93;98026
2006.08.08;6,97;171200
2006.08.09;6,83;95415
2006.08.10;6,83;124615
2006.08.11;6,84;128920
2006.08.14;6,83;75815
2006.08.15;6,76;66075
2006.08.16;6,61;84629
2006.08.17;6,42;88525
2006.08.18;6,12;99600
2006.08.21;5,98;162135
2006.08.22;6,07;130220
2006.08.23;7,1;227515
2006.08.24;6,7;191525
2006.08.25;6,71;168230
2006.08.28;6,92;139925
2006.08.29;7,21;173850
2006.08.30;6,58;98460
2006.08.31;6,35;149280
2006.09.01;7;90955
2006.09.04;6,84;88215
2006.09.05;6,67;116875
2006.09.06;6,54;90290
2006.09.07;6,32;91150
2006.09.08;6,33;73770
2006.09.11;6,34;52330
2006.09.12;6,57;125560
2006.09.13;7,24;117335
2006.09.14;7,23;162555
2006.09.15;7,27;98730
2006.09.18;7,32;106080
2006.09.19;7,28;89350
2006.09.20;7,09;125705
2006.09.21;7,11;153140
2006.09.22;7,26;199300
2006.09.25;7,38;130165
2006.09.26;7,61;110110
2006.09.27;6,91;53750
2006.09.28;6,81;36890
2006.09.29;6,92;125060
2006.10.02;7,7;53925
2006.10.03;7,73;33875
2006.10.04;7,78;81770
2006.10.05;7,65;113915
2006.10.06;7,64;60785
2006.10.09;7,65;75806
2006.10.10;7,66;117603
2006.10.11;7,74;103482
2006.10.12;7,76;111890
2006.10.13;7,77;97735
2006.10.16;7,85;117295
2006.10.17;7,74;87400
2006.10.18;7,32;99015
2006.10.19;6,91;65420
2006.10.20;6,81;144060
2006.10.24;6,89;106700
2006.10.25;7,05;33410
2006.10.26;7,03;39760
2006.10.27;7,04;99550
2006.10.30;7,02;54510
2006.10.31;7,07;85555
2006.11.02;7,85;86440
2006.11.03;7,72;93775
2006.11.06;7,66;48796
2006.11.07;7,69;95626
2006.11.08;7,71;87121
2006.11.09;7,68;40957
2006.11.10;7,65;84847
2006.11.13;7,69;62612
2006.11.14;7,8;57098
2006.11.15;7,93;105245
2006.11.16;8,14;117720
2006.11.17;8,18;128190
2006.11.20;8,09;100666
2006.11.21;7,92;108521
2006.11.22;7,66;56781
2006.11.23;7,74;61450
2006.11.24;7,83;123035
2006.11.27;7,97;107972
2006.11.28;8,07;129702
2006.11.29;7,69;155613
2006.11.30;7,1;99653
2006.12.01;7,89;84330
2006.12.04;7,78;199015
2006.12.05;7,77;71560
2006.12.06;7,94;82550
2006.12.07;7,91;73090
2006.12.08;8,04;157736
2006.12.11;8,13;138767
2006.12.12;8,27;156370
2006.12.13;8,81;90720
2006.12.14;8,95;109360
2006.12.15;8,9;93015
2006.12.18;8,93;99075
2006.12.19;8,83;189575
2006.12.20;7,31;185905
2006.12.21;7,32;157020
2006.12.22;7,29;224715
2006.12.27;7,93;221275
2006.12.28;7,16;87352
2006.12.29;7,1;69440
2005.01.03;9,547623332;119495
2005.01.04;9,466896058;90820
2005.01.05;9,800803402;133806
2005.01.06;9,727317183;66460
2005.01.07;9,632572474;147640
2005.01.10;9,616972304;105790
2005.01.11;9,443132888;107760
2005.01.12;9,510593862;82595
2005.01.13;9,804304101;120815
2005.01.14;9,764248781;85095
2005.01.17;9,620925044;133345
2005.01.18;9,52760469;119400
2005.01.19;9,338038335;62345
2005.01.20;8,954537617;86995
2005.01.21;8,851326041;134121
2005.01.24;8,868962066;183316
2005.01.25;9,043755204;130917
2005.01.26;9,191128448;131127
2005.01.27;9,117334147;147570
2005.01.28;8,401680707;119890
2005.01.31;8,833527749;139735
2005.02.01;9,016098565;91797
2005.02.02;9,094184597;108290
2005.02.03;9,081804068;157810
2005.02.04;9,031247931;120840
2005.02.07;9,027921386;103290
2005.02.08;9,045915453;105030
2005.02.09;9,000512906;89685
2005.02.10;8,92593563;83206
2005.02.11;8,852415211;111895
2005.02.14;8,622437741;121670
2005.02.15;8,481097165;92420
2005.02.16;8,989218875;140208
2005.02.17;9,008824409;83575
2005.02.18;9,063160994;118855
2005.02.21;8,94644306;115858
2005.02.22;8,704707637;145179
2005.02.23;9,17983416;82248
2005.02.24;9,285854392;77441
2005.02.25;9,25948499;115920
2005.02.28;9,251247041;83638
2005.03.01;8,437218441;115784
2005.03.02;8,490293349;118630
2005.03.03;8,287979666;125504
2005.03.04;7,902445639;79652
2005.03.07;7,883255987;60335
2005.03.08;8,01690904;82036
2005.03.09;8,108241454;117455
2005.03.10;8,023235358;115675
2005.03.11;7,951901846;103715
2005.03.16;8,264747888;170004
2005.03.17;8,265099653;143649
2005.03.18;7,977759253;8997
2005.03.19;7,851960954;11525
2005.03.21;7,773068496;148330
2005.03.22;7,711685702;172925
2005.03.23;7,433049343;140850
2005.03.24;7,452374596;142340
2005.03.25;7,379029375;128680
2005.03.29;7,808588446;162020
2005.03.30;8,584874933;96588
2005.03.31;8,769874884;78647
2005.04.01;8,26388216;125899
2005.04.04;8,405485141;129313
2005.04.05;8,427854572;122260
2005.04.06;8,664605466;109192
2005.04.07;8,603351351;106375
2005.04.08;8,649272603;97677
2005.04.11;8,139203654;146670
2005.04.12;7,558704183;59885
2005.04.13;7,07463647;89745
2005.04.14;6,911407828;59915
2005.04.15;6,868239647;95816
2005.04.18;6,856788167;94650
2005.04.19;6,864455569;79900
2005.04.20;7,065411102;83495
2005.04.21;6,90639637;68320
2005.04.22;6,865331443;112840
2005.04.25;6,878072445;30920
2005.04.26;6,715497976;87705
2005.04.27;6,81422445;82780
2005.04.28;6,636227453;65420
2005.04.29;6,590971227;90710
2005.05.02;7,287667724;61485
2005.05.03;7,254981506;41905
2005.05.04;7,067310278;92965
2005.05.05;6,787596265;94790
2005.05.06;6,670118533;73144
2005.05.09;6,689064748;90350
2005.05.10;6,776345761;96934
2005.05.11;6,947797357;116905
2005.05.12;6,73484864;97450
2005.05.13;6,730702624;131080
2005.05.17;6,953159126;128200
2005.05.18;7,329556845;94775
2005.05.19;7,281350281;95980
2005.05.20;6,913988959;141290
2005.05.23;6,875556983;101215
2005.05.24;6,989960147;124205
2005.05.25;6,770719309;118030
2005.05.26;6,311948628;74360
2005.05.27;6,303921569;71400
2005.05.30;6,313423176;65670
2005.05.31;6,348351456;57020
2005.06.01;6,583038329;78530
2005.06.02;6,539442965;48830
2005.06.03;6,506157719;73485
2005.06.06;6,484575328;55690
2005.06.07;6,689863074;113200
2005.06.08;7,392758146;155416
2005.06.09;7,320271392;118021
2005.06.10;7,207745107;118591
2005.06.13;7,242567083;156076
2005.06.14;7,300119418;117235
2005.06.15;7,644409537;116180
2005.06.16;7,613823541;130285
2005.06.17;7,480402765;83175
2005.06.20;7,392998515;124545
2005.06.21;7,310100796;106155
2005.06.22;6,266832484;61815
2005.06.23;6,204563725;80855
2005.06.24;6,162417919;68530
2005.06.27;6,151207023;68350
2005.06.28;6,246909564;122960
2005.06.29;7,296302178;99180
2005.06.30;8,036522433;56390
2005.07.01;7,535091501;113660
2005.07.04;7,357758398;116390
2005.07.05;7,173971944;124750
2005.07.06;6,906744812;65050
2005.07.07;6,975957755;96580
2005.07.08;7,01680536;92530
2005.07.11;7,079259331;102745
2005.07.12;7,045939549;102033
2005.07.13;7,053966071;90896
2005.07.14;7,046501809;49740
2005.07.15;7,008415157;104900
2005.07.18;6,938765192;51425
2005.07.19;6,703536735;53015
2005.07.20;6,555210554;75040
2005.07.21;6,742408927;128605
2005.07.22;6,846704025;116885
2005.07.25;6,831814315;76409
2005.07.26;6,875341335;66650
2005.07.27;7,39210403;64020
2005.07.28;7,697933071;91440
2005.07.29;7,666596762;82016
2005.08.01;6,756964152;72026
2005.08.02;6,688309859;56800
2005.08.03;6,515415263;37398
2005.08.04;6,352132499;70340
2005.08.05;6,26325849;63778
2005.08.08;6,266612491;43070
2005.08.09;6,324050413;57525
2005.08.10;6,457475421;88490
2005.08.11;6,42028976;75925
2005.08.12;6,312345532;100749
2005.08.15;6,34;76007
2005.08.16;6,41;90925
2005.08.17;7,52;143755
2005.08.18;7,69;96835
2005.08.19;7,65;156470
2005.08.22;7,61;132430
2005.08.23;7,21;112535
2005.08.24;6,13;91740
2005.08.25;6,22;144540
2005.08.26;6,26;185835
2005.08.29;6,24;112474
2005.08.30;5,98;104945
2005.08.31;5,65;67560
2005.09.01;6,17;63600
2005.09.02;6,18;94246
2005.09.05;6,17;91535
2005.09.06;6,1;98636
2005.09.07;6,27;94531
2005.09.08;6,33;137796
2005.09.09;6,27;101560
2005.09.12;6,28;129475
2005.09.13;6,39;135504
2005.09.14;6,45;119080
2005.09.15;6,4;118430
2005.09.16;6,28;88470
2005.09.19;6,05;88235
2005.09.20;6,02;115775
2005.09.21;6,29;100590
2005.09.22;6,76;96940
2005.09.23;6,9;98395
2005.09.26;6,9;111635
2005.09.27;6,5;174080
2005.09.28;5,34;105121
2005.09.29;5,12;101281
2005.09.30;5,1;84289
2005.10.03;5,78;54560
2005.10.04;5,8;86810
2005.10.05;5,87;54895
2005.10.06;5,85;69645
2005.10.07;5,83;81770
2005.10.10;5,9;43240
2005.10.11;5,88;43355
2005.10.12;5,93;84230
2005.10.13;5,98;118570
2005.10.14;5,97;66905
2005.10.17;6,01;131900
2005.10.18;5,98;90230
2005.10.19;6,04;98685
2005.10.20;6,2;115175
2005.10.21;6,65;106210
2005.10.24;6,85;84580
2005.10.25;6,85;175841
2005.10.26;5,77;150075
2005.10.27;5,25;109905
2005.10.28;5,08;124500
2005.11.02;6,02;91345
2005.11.03;5,97;69035
2005.11.04;5,76;7605
2005.11.05;5,79;2320
2005.11.07;5,79;50386
2005.11.08;5,84;66381
2005.11.09;6,06;116471
2005.11.10;6,02;88786
2005.11.11;5,97;77467
2005.11.14;5,98;134922
2005.11.15;5,99;110095
2005.11.16;5,8;140860
2005.11.17;5,71;120015
2005.11.18;5,49;123275
2005.11.21;5,32;93455
2005.11.22;5,69;99995
2005.11.23;5,33;35060
2005.11.24;5,1;18400
2005.11.25;5,06;37770
2005.11.28;5,1;95540
2005.11.29;5,07;81230
2005.11.30;5,08;60815
2005.12.01;5,93;65790
2005.12.02;5,72;108040
2005.12.05;5,54;80150
2005.12.06;5,42;98445
2005.12.07;5,55;110965
2005.12.08;5,69;98328
2005.12.09;5,85;140450
2005.12.12;5,91;72280
2005.12.13;5,95;104785
2005.12.14;5,45;113855
2005.12.15;5,23;95900
2005.12.16;5,09;104270
2005.12.19;5,09;126371
2005.12.20;5,17;53746
2005.12.21;5,13;151531
2005.12.22;5,09;101050
2005.12.23;5,1;70450
2005.12.27;5,09;115370
2005.12.28;5,43;168070
2005.12.29;5,07;73250
2005.12.30;5,12;45577
2004.01.05;12,83175126;152353
2004.01.06;12,79115301;98169
2004.01.07;12,50010473;85454
2004.01.08;12,50843289;76842
2004.01.09;12,6271639;5430
2004.01.10;12,66849315;2190
2004.01.12;12,74422007;80321
2004.01.13;12,70379995;112965
2004.01.14;12,36792924;80444
2004.01.15;12,14147691;54235
2004.01.16;11,92741745;33920
2004.01.19;11,96320729;73361
2004.01.20;12,25062832;130188
2004.01.21;12,29208083;97889
2004.01.22;12,05178937;92714
2004.01.23;11,78680051;125823
2004.01.26;11,7656742;108921
2004.01.27;11,77643142;101385
2004.01.28;11,83224705;124430
2004.01.29;11,66874928;60709
2004.01.30;11,6831314;70237
2004.02.02;12,39375628;72689
2004.02.03;12,44093111;56363
2004.02.04;12,3972443;48445
2004.02.05;12,42420598;70685
2004.02.06;12,33923466;106671
2004.02.09;12,37355653;88831
2004.02.10;12,33098474;65997
2004.02.11;12,13069497;90536
2004.02.12;11,76441931;90625
2004.02.13;11,66457795;89018
2004.02.16;11,8139881;61320
2004.02.17;12,02217178;107046
2004.02.18;12,17688552;89100
2004.02.19;12,11597592;96755
2004.02.20;12,13058609;149277
2004.02.23;12,55969703;80205
2004.02.24;12,72600101;89035
2004.02.25;13,32707344;88633
2004.02.26;13,0030743;134502
2004.02.27;11,72751016;108260
2004.03.01;12,48964348;109559
2004.03.02;12,45478603;96604
2004.03.03;12,41426452;102138
2004.03.04;12,43561299;75450
2004.03.05;12,49594368;86507
2004.03.08;12,50459174;131301
2004.03.09;12,661791;136460
2004.03.10;12,87755183;93384
2004.03.11;12,65975814;98154
2004.03.12;12,21911664;116600
2004.03.16;12,15205128;125751
2004.03.17;12,42405376;155668
2004.03.18;12,42593277;136690
2004.03.19;12,50583207;100659
2004.03.22;12,53991378;90926
2004.03.23;12,37366021;110185
2004.03.24;12,68230475;118351
2004.03.25;13,03880575;88541
2004.03.26;13,16050904;108911
2004.03.29;13,14598709;184467
2004.03.30;13,1759756;109984
2004.03.31;13,21441784;156015
2004.04.01;12,25492365;92665
2004.04.02;12,17508292;131155
2004.04.05;12,17860585;174501
2004.04.06;12,02073086;169882
2004.04.07;12,62332084;146427
2004.04.08;12,66318767;116681
2004.04.09;12,68699872;109893
2004.04.13;12,19663715;106160
2004.04.14;12,10309407;144373
2004.04.15;12,17263465;105851
2004.04.16;12,25540939;106805
2004.04.19;12,30391131;108736
2004.04.20;12,27657767;111018
2004.04.21;12,78759945;108979
2004.04.22;13,08451753;70709
2004.04.23;13,0601236;72489
2004.04.26;13,06405126;102763
2004.04.27;13,01071153;102371
2004.04.28;13,16276378;87337
2004.04.29;13,02077753;76910
2004.04.30;12,93882705;83550
2004.05.03;12,11055642;143344
2004.05.04;11,59613038;155674
2004.05.05;12,0831849;179089
2004.05.06;12,26130395;112704
2004.05.07;12,33867215;166254
2004.05.10;12,23195889;173986
2004.05.11;11,97672164;138139
2004.05.12;11,49659718;131435
2004.05.13;11,39761649;146842
2004.05.14;11,42204071;132743
2004.05.17;11,45618746;138401
2004.05.18;11,45766973;94697
2004.05.19;11,4399804;115833
2004.05.20;11,12734671;100939
2004.05.21;10,77583079;111340
2004.05.24;10,80943971;138839
2004.05.25;11,04892767;136619
2004.05.26;11,20687446;134265
2004.05.27;10,7471012;117290
2004.05.28;10,71972251;123752
2004.06.01;11,52144801;146960
2004.06.02;11,70439804;167529
2004.06.03;11,85958645;149993
2004.06.04;12,1260514;161784
2004.06.07;11,7644835;177685
2004.06.08;11,5402328;154466
2004.06.09;11,54119924;167639
2004.06.10;11,40961907;101855
2004.06.11;11,36722203;113439
2004.06.14;11,23082379;111461
2004.06.15;11,32509721;84870
2004.06.16;11,50439967;90575
2004.06.17;11,48472665;105085
2004.06.18;11,40605843;134251
2004.06.21;11,38477557;132780
2004.06.22;11,23767922;82231
2004.06.23;10,90149561;92872
2004.06.24;10,71256892;127322
2004.06.25;10,62247052;76231
2004.06.28;10,62399459;103440
2004.06.29;10,61274176;96996
2004.06.30;10,6515096;99695
2004.07.01;11,48673508;131550
2004.07.02;11,42750802;71670
2004.07.05;11,40882003;71485
2004.07.06;11,36856615;62210
2004.07.07;11,39549137;76520
2004.07.08;11,3607532;100026
2004.07.09;11,28977582;106610
2004.07.12;11,36365759;150301
2004.07.13;11,36588011;92068
2004.07.14;11,37021557;52002
2004.07.15;11,42713975;78105
2004.07.16;11,29541103;96100
2004.07.19;11,2759497;95425
2004.07.20;11,27278635;82330
2004.07.21;11,54294542;111665
2004.07.22;12,28239087;77545
2004.07.23;12,45746226;78495
2004.07.26;12,44396842;98150
2004.07.27;12,42992605;68970
2004.07.28;12,43994942;92930
2004.07.29;12,41248404;70490
2004.07.30;12,42673128;87190
2004.08.02;11,55252247;121072
2004.08.03;11,48163717;124300
2004.08.04;11,42023834;71955
2004.08.05;11,37000601;104876
2004.08.06;11,33392077;116750
2004.08.09;11,1865651;126752
2004.08.10;11,11444386;108129
2004.08.11;11,60216165;123054
2004.08.12;11,7739688;122430
2004.08.13;11,62274456;78344
2004.08.16;11,66895945;101783
2004.08.17;11,2407124;109124
2004.08.18;11,02021348;148255
2004.08.19;11,08785221;102035
2004.08.23;11,18308209;133335
2004.08.24;11,18908843;127406
2004.08.25;10,98162596;85316
2004.08.26;10,9773118;105059
2004.08.27;10,63968509;119274
2004.08.30;10,18155058;131641
2004.08.31;10,17213203;102006
2004.09.01;10,96403989;122939
2004.09.02;10,92503955;73949
2004.09.03;10,8230161;104844
2004.09.06;10,76245732;100756
2004.09.07;10,66724445;110537
2004.09.08;10,7865225;116598
2004.09.09;10,75053844;133720
2004.09.10;10,74026783;99803
2004.09.13;10,8084822;82290
2004.09.14;10,8739837;84178
2004.09.15;10,97734367;145765
2004.09.16;10,84137596;113375
2004.09.17;10,76489766;159035
2004.09.20;10,85144383;89865
2004.09.21;10,97961424;102915
2004.09.22;11,39732123;110965
2004.09.23;11,98857337;73425
2004.09.24;11,92546939;108385
2004.09.27;11,96197092;92495
2004.09.28;11,93467589;115700
2004.09.29;11,92108883;116033
2004.09.30;11,94346383;142989
2004.10.01;11,16281289;138029
2004.10.04;11,05815255;120956
2004.10.05;11,05262127;123795
2004.10.06;11,38932333;119630
2004.10.07;11,37962568;57651
2004.10.08;11,3628391;83125
2004.10.11;11,20458592;94365
2004.10.12;11,00699205;138300
2004.10.13;11,9115059;85278
2004.10.14;12,01595937;88954
2004.10.15;11,96524781;85750
2004.10.18;11,85021076;102010
2004.10.19;11,50761951;131872
2004.10.20;11,45673596;119545
2004.10.21;11,54687827;66982
2004.10.22;11,55710949;110261
2004.10.25;11,55175537;80040
2004.10.26;11,30491829;64555
2004.10.27;10,72624846;130301
2004.10.28;10,03365358;198805
2004.10.29;9,979867338;109300
2004.11.02;10,48731773;91963
2004.11.03;10,45517207;100685
2004.11.04;10,36117143;98085
2004.11.05;10,36165476;84000
2004.11.08;10,32135438;72210
2004.11.09;10,3235682;91755
2004.11.10;10,33748422;102950
2004.11.11;10,41217662;94895
2004.11.12;10,33894655;48175
2004.11.15;10,27630093;77925
2004.11.16;10,19048416;110500
2004.11.17;10,56983103;145000
2004.11.18;10,79483336;138920
2004.11.19;10,80012217;114590
2004.11.22;10,75709594;108090
2004.11.23;10,93554539;144210
2004.11.24;10,6005373;143867
2004.11.25;9,77498807;157165
2004.11.26;9,145198015;88276
2004.11.29;9,132530265;116636
2004.11.30;9,269136968;158928
2004.12.01;10,1141237;127410
2004.12.02;9,694714132;92700
2004.12.03;9,435586382;110295
2004.12.06;9,276159192;125195
2004.12.07;9,411923542;106751
2004.12.08;9,390538622;81727
2004.12.09;9,216902827;76925
2004.12.10;9,193021656;123525
2004.12.13;9,290311523;88244
2004.12.14;9,548084012;96843
2004.12.15;10,13874483;109563
2004.12.16;10,46885074;131215
2004.12.17;10,45070968;3875
2004.12.18;10,6161859;9984
2004.12.20;10,74891832;177040
2004.12.21;10,47283531;140193
2004.12.22;10,25653412;205460
2004.12.23;10,0028356;160460
2004.12.27;10,20048105;230851
2004.12.28;9,953778108;208570
2003.01.02;8,476047757;61059
2003.01.03;8,092249591;62358
2003.01.06;7,947227115;70396
2003.01.07;7,83109365;48489
2003.01.08;7,945515588;31275
2003.01.09;8,057052783;64074
2003.01.10;8,224354208;78276
2003.01.13;8,105712245;93816
2003.01.14;8,675381862;90805
2003.01.15;9,082497437;127767
2003.01.16;7,479111396;53072
2003.01.17;4,658691766;28527
2003.01.20;3,742150199;17803
2003.01.21;3,129383375;38954
2003.01.22;3,047148698;4647
2003.01.23;3,438507779;1414
2003.01.24;3,454673998;1273
2003.01.27;3,564506298;4922
2003.01.28;3,575529865;5190
2003.01.29;3,532656325;6253
2003.01.30;3,50087007;8620
2003.01.31;3,507486631;11220
2003.02.03;3,503092784;7469
2003.02.04;3,544356955;4572
2003.02.05;3,492540209;12373
2003.02.06;3,533333333;2475
2003.02.07;3,555026861;6515
2003.02.10;3,566517385;24562
2003.02.11;3,569432914;14213
2003.02.12;3,572015204;16048
2003.02.13;3,557036742;20059
2003.02.14;3,561831998;12107
2003.02.17;3,563122172;10608
2003.02.18;3,583721575;3606
2003.02.19;3,550259097;26631
2003.02.20;3,569571957;41935
2003.02.21;3,57381549;17159
2003.02.24;4,22778133;15640
2003.02.25;5,758086282;23342
2003.02.26;5,55181241;48830
2003.02.27;5,513047719;34347
2003.02.28;5,525288704;27710
2003.03.03;5,678589545;46524
2003.03.04;5,679840345;70527
2003.03.05;5,995847751;58667
2003.03.06;6,224520303;65927
2003.03.07;6,572801396;76776
2003.03.10;6,612359491;65654
2003.03.11;6,534423602;57096
2003.03.12;6,285769103;87303
2003.03.13;5,986222293;62710
2003.03.14;6,217198456;76158
2003.03.17;6,383984666;92605
2003.03.18;6,49762516;66994
2003.03.19;6,342764778;73080
2003.03.20;6,417943051;96157
2003.03.21;6,366145487;54108
2003.03.24;6,35565017;76157
2003.03.25;6,271683677;70839
2003.03.26;6,233475718;69764
2003.03.27;5,798577038;70803
2003.03.28;5,637938696;59409
2003.03.31;5,624397717;90738
2003.04.01;6,440079892;51945
2003.04.02;6,591418001;98794
2003.04.03;6,851473325;58032
2003.04.04;7,129631465;67592
2003.04.07;7,248363155;59688
2003.04.08;6,804042909;58683
2003.04.09;6,65961755;90574
2003.04.10;6,844533302;59021
2003.04.11;6,958823007;61878
2003.04.14;6,646129125;86815
2003.04.15;6,534550746;68725
2003.04.16;6,325371294;77028
2003.04.17;6,045841208;46035
2003.04.18;5,668345457;54166
2003.04.22;5,807277617;58570
2003.04.23;6,227162854;85801
2003.04.24;6,746605165;80431
2003.04.25;7,3336913;5494
2003.04.26;7,280348413;12887
2003.04.28;7,35991171;110092
2003.04.29;7,49932651;37714
2003.04.30;7,458169636;85371
2003.05.05;6,555256022;95519
2003.05.06;6,404954758;59569
2003.05.07;6,534563104;69227
2003.05.08;6,578579992;37535
2003.05.09;6,628531852;65334
2003.05.12;6,461601863;59693
2003.05.13;6,395286327;58744
2003.05.14;6,481781828;103652
2003.05.15;6,456091307;83258
2003.05.16;6,408367527;70433
2003.05.19;6,439861176;64470
2003.05.20;6,363560899;56980
2003.05.21;6,308585573;91811
2003.05.22;6,397865063;93258
2003.05.23;6,437179903;70955
2003.05.26;6,436649859;83295
2003.05.27;6,740329623;82913
2003.05.28;7,420200288;124471
2003.05.29;7,449209782;54099
2003.05.30;7,508355068;60197
2003.06.02;7,382524078;97600
2003.06.03;7,363401625;94399
2003.06.04;6,416627015;104240
2003.06.05;6,507666371;84525
2003.06.06;6,466469367;72732
2003.06.10;6,622728433;70524
2003.06.11;6,697229551;90960
2003.06.12;6,571066826;60066
2003.06.13;6,563819278;78651
2003.06.16;6,61924377;58871
2003.06.17;6,723899256;109426
2003.06.18;6,6207353;23759
2003.06.19;7,535031477;33517
2003.06.20;8,63503913;57373
2003.06.23;8,67290251;72110
2003.06.24;8,866456056;77473
2003.06.25;9,620856516;115386
2003.06.26;9,847853714;123539
2003.06.27;8,940795692;72792
2003.06.30;8,619975434;111537
2003.07.01;9,549175043;127643
2003.07.02;9,428761304;109809
2003.07.03;9,447480722;49538
2003.07.04;9,399944959;58138
2003.07.07;9,397995173;67537
2003.07.08;9,303351096;51983
2003.07.09;8,954066762;51257
2003.07.10;8,702466263;32235
2003.07.11;8,599435377;21076
2003.07.14;8,614076677;39125
2003.07.15;8,704408057;40857
2003.07.16;9,447036771;135241
2003.07.17;9,46387659;63463
2003.07.18;9,543954833;87144
2003.07.21;9,794792543;78426
2003.07.22;10,06438291;115898
2003.07.23;10,09378017;93443
2003.07.24;10,11976427;98840
2003.07.25;10,17428055;140003
2003.07.28;9,502902676;102750
2003.07.29;8,696241712;127292
2003.07.30;8,690364409;85179
2003.07.31;8,653324872;69732
2003.08.01;9,271748747;80023
2003.08.04;9,230642708;42741
2003.08.05;9,13755503;78594
2003.08.06;9,148259326;53801
2003.08.07;9,016947994;76779
2003.08.08;8,623276162;69032
2003.08.11;8,668468436;68923
2003.08.12;8,683551173;84772
2003.08.13;9,04016806;87231
2003.08.14;9,298323525;89891
2003.08.15;9,765369864;107418
2003.08.18;9,875996754;112139
2003.08.19;9,924874397;148285
2003.08.21;10,24961326;113125
2003.08.22;10,48271619;118773
2003.08.25;10,50027777;90901
2003.08.26;10,43642279;95675
2003.08.27;9,720716753;92068
2003.08.28;10,42752024;78177
2003.08.29;10,50209674;54370
2003.09.01;9,595176786;66719
2003.09.02;9,555796927;62145
2003.09.03;9,640308337;86399
2003.09.04;9,622197522;76022
2003.09.05;9,591904539;96165
2003.09.08;9,465567599;96688
2003.09.09;9,530753182;94904
2003.09.10;9,491951632;83899
2003.09.11;9,526854162;70153
2003.09.12;9,51434008;57810
2003.09.15;9,505079292;71949
2003.09.16;9,47880031;81296
2003.09.17;9,569920125;120564
2003.09.18;9,714924826;92718
2003.09.19;9,884654222;75265
2003.09.22;10,0348741;117193
2003.09.23;10,32037779;108049
2003.09.24;9,267857108;103869
2003.09.25;8,690839824;118120
2003.09.26;8,733854088;119442
2003.09.29;8,654763842;71287
2003.09.30;8,639949483;90861
2003.10.01;9,451660889;88266
2003.10.02;9,409012021;74040
2003.10.03;9,261566265;72625
2003.10.06;9,179205388;57462
2003.10.07;9,208289958;67051
2003.10.08;9,362890538;49451
2003.10.09;9,399117737;82175
2003.10.10;9,38971233;46755
2003.10.13;9,42556861;57113
2003.10.14;9,510778212;91903
2003.10.15;9,942400933;98999
2003.10.16;10,43088854;87874
2003.10.17;10,32208302;5348
2003.10.18;10,40158103;11385
2003.10.20;10,4400869;100120
2003.10.21;10,48419087;87576
2003.10.22;10,49096555;81715
2003.10.27;10,55754039;91673
2003.10.28;10,48135028;56714
2003.10.29;10,32399669;83474
2003.10.30;10,40465747;88460
2003.10.31;10,60985696;108502
2003.11.03;9,666165747;92563
2003.11.04;9,616877745;117255
2003.11.05;9,504187533;93850
2003.11.06;9,142301605;73288
2003.11.07;8,650867571;80224
2003.11.10;8,784734384;54816
2003.11.11;8,80801169;62958
2003.11.12;9,148867534;88347
2003.11.13;9,069941964;54794
2003.11.14;9,037170187;54728
2003.11.17;8,976791481;69677
2003.11.18;9,004801148;74930
2003.11.19;9,182823377;125697
2003.11.20;9,425933929;120325
2003.11.21;10,10847318;87122
2003.11.24;10,21710705;118004
2003.11.25;9,853809104;81594
2003.11.26;9,351615561;115316
2003.11.27;8,588484438;73900
2003.11.28;10,25419175;32230
2003.12.01;11,86049753;81724
2003.12.02;12,97565154;113539
2003.12.03;12,06327903;142164
2003.12.04;11,7283961;106740
2003.12.05;11,64307709;118209
2003.12.08;11,63390063;65515
2003.12.09;11,60314501;71065
2003.12.10;11,6769183;78963
2003.12.11;11,60779251;51126
2003.12.12;11,5;2561
2003.12.13;11,59244276;14893
2003.12.15;11,676609;71908
2003.12.16;11,79463387;74495
2003.12.17;11,92709443;113754
2003.12.18;12,27053533;100853
2003.12.19;12,34473172;93522
2003.12.22;12,68256046;135210
2003.12.23;12,47518416;156654
2003.12.29;11,60221777;101115
2003.12.30;11,57038972;127270
2003.12.31;11,67463079;114095
2002.01.02;9,635695032;68263
2002.01.03;9,030856402;70551
2002.01.04;8,641087823;53915
2002.01.07;8,563423511;84352
2002.01.08;8,597448517;56281
2002.01.09;9,303062296;52379
2002.01.10;9,768862415;58044
2002.01.11;9,144891916;55050
2002.01.14;8,869601655;74935
2002.01.15;8,843119176;60843
2002.01.16;9,478749769;43256
2002.01.17;9,917852305;59799
2002.01.18;10,48659236;54234
2002.01.21;10,81998795;67243
2002.01.22;10,50260682;66441
2002.01.23;8,939309779;73759
2002.01.24;8,812381992;73300
2002.01.25;8,534083254;69474
2002.01.28;8,130112139;68665
2002.01.29;7,911928914;37757
2002.01.30;7,95265465;44714
2002.01.31;7,943398897;100665
2002.02.01;8,929202881;99408
2002.02.04;8,988588614;83294
2002.02.05;9,007172746;61657
2002.02.06;9,100614754;61000
2002.02.07;9,074051099;51586
2002.02.08;8,987397028;61910
2002.02.11;8,964403218;50211
2002.02.12;8,957135053;40273
2002.02.13;8,954606352;68259
2002.02.14;9,013670087;41514
2002.02.15;9,141678666;41670
2002.02.18;9,19406308;37730
2002.02.19;8,746080738;87121
2002.02.20;8,646412376;50939
2002.02.21;8,682066791;54558
2002.02.22;8,777076914;67504
2002.02.25;8,562549038;43334
2002.02.26;8,372239915;35796
2002.02.27;7,147487487;50945
2002.02.28;7,092675319;37988
2002.03.01;8,336038938;84442
2002.03.04;8,243048105;79597
2002.03.05;8,075783683;72255
2002.03.06;8,465330992;76316
2002.03.07;8,466236153;61206
2002.03.08;8,444009894;66301
2002.03.11;8,471644689;52022
2002.03.12;8,413226753;34778
2002.03.13;8,556908909;53858
2002.03.14;8,802921965;48683
2002.03.18;8,837239226;77989
2002.03.19;9,006742618;63462
2002.03.20;8,293971754;86385
2002.03.21;7,79439738;66576
2002.03.22;7,648389118;55870
2002.03.25;7,790400176;58949
2002.03.26;8,152543939;48704
2002.03.27;7,951574464;56813
2002.03.28;7,996656101;63100
2002.03.29;9,047892845;52037
2002.04.02;8,434121332;72314
2002.04.03;8,561171025;85122
2002.04.04;8,694590953;69772
2002.04.05;8,749587657;40379
2002.04.08;8,674919669;52595
2002.04.09;8,463080205;41257
2002.04.10;8,164461369;26391
2002.04.11;8,219666234;28493
2002.04.12;7,9677891;76055
2002.04.15;7,797777727;66171
2002.04.16;7,785572902;63606
2002.04.17;8,127375083;58619
2002.04.18;7,921914094;33013
2002.04.19;7,627115063;63887
2002.04.22;7,282856982;44435
2002.04.23;7,363063179;46788
2002.04.24;7,974977325;50716
2002.04.25;8,067901654;58894
2002.04.26;8,790432298;55656
2002.04.29;9,493982;72333
2002.04.30;7,569785093;80500
2002.05.02;8,535688576;45841
2002.05.03;8,579605276;49503
2002.05.06;8,543584254;36200
2002.05.07;8,433025914;46191
2002.05.08;8,337336909;49589
2002.05.09;8,175489982;45818
2002.05.10;8,287091984;32321
2002.05.13;8,365728793;53863
2002.05.14;8,49141106;52783
2002.05.15;8,30304948;67946
2002.05.16;8,202790867;57724
2002.05.17;8,315118242;67531
2002.05.21;8,22852154;81896
2002.05.22;8,465882783;82070
2002.05.23;8,018063038;38421
2002.05.24;7,604675052;47700
2002.05.27;7,59551561;26425
2002.05.28;7,545990722;22635
2002.05.29;7,650673048;50145
2002.05.30;7,581278413;36295
2002.05.31;7,565161267;54227
2002.06.03;8,752739906;45622
2002.06.04;8,736029218;64481
2002.06.05;8,630437657;68067
2002.06.06;8,421872274;67645
2002.06.07;8,335490936;75794
2002.06.10;8,322724674;71726
2002.06.11;8,515581589;79257
2002.06.12;8,276519063;57519
2002.06.13;7,699187436;40243
2002.06.14;7,681707828;50087
2002.06.17;7,753125;24480
2002.06.18;7,812392945;39232
2002.06.19;8,132585122;58651
2002.06.20;7,676576395;49480
2002.06.21;7,661091513;48190
2002.06.24;7,637484433;40150
2002.06.25;7,639333166;59835
2002.06.26;7,643478774;84800
2002.06.27;7,652532821;80740
2002.06.28;8,204255734;107737
2002.07.01;8,448125939;67874
2002.07.02;8,744974668;54673
2002.07.03;9,038553885;61724
2002.07.04;9,0897353;84284
2002.07.05;9,465424123;107964
2002.07.08;9,637941556;72754
2002.07.09;10,37716484;75629
2002.07.10;9,287314327;88462
2002.07.11;8,393896468;76595
2002.07.12;8,3016549;53115
2002.07.15;8,476702441;68857
2002.07.16;8,959948757;52690
2002.07.17;8,886545606;68643
2002.07.18;8,437490585;74348
2002.07.19;8,211923574;54170
2002.07.22;8,173041588;44628
2002.07.23;8,424246988;63080
2002.07.24;9,22566514;79269
2002.07.25;9,226741832;60267
2002.07.26;8,947613023;74299
2002.07.29;8,538738893;58409
2002.07.30;8,114149987;59205
2002.07.31;8,237053593;62527
2002.08.01;9,475262325;56228
2002.08.02;9,573668111;47076
2002.08.05;9,660006687;56827
2002.08.06;9,472842048;69939
2002.08.07;9,281395583;74485
2002.08.08;9,150515644;40047
2002.08.09;9,011105578;4016
2002.08.10;9,070320311;5401
2002.08.12;9,069682559;25233
2002.08.13;9,222919923;53748
2002.08.14;9,343990833;65891
2002.08.15;9,471996438;76351
2002.08.16;9,710076132;61472
2002.08.21;9,946404604;0
2002.08.22;10,85889803;45002
2002.08.23;11,10547729;45600
2002.08.26;10,77869913;26975
2002.08.27;10,18610352;79201
2002.08.28;8,751862108;65459
2002.08.29;8,357715424;60308
2002.08.30;9,462324801;77533
2002.09.02;9,251541491;66496
2002.09.03;9,016250764;42913
2002.09.04;8,734627673;49090
2002.09.05;8,594426828;40690
2002.09.06;8,583388193;54242
2002.09.09;8,552119309;65014
2002.09.10;8,655836139;25480
2002.09.11;8,662774932;44550
2002.09.12;8,827501915;33190
2002.09.13;9,156543418;39170
2002.09.16;9,447623367;48033
2002.09.17;9,543760105;95366
2002.09.18;9,766730779;64945
2002.09.19;9,97572543;75388
2002.09.20;10,0257753;43457
2002.09.23;10,29736445;56849
2002.09.24;10,11142205;66324
2002.09.25;8,689563551;56925
2002.09.26;8,637043254;45916
2002.09.27;8,711339946;59278
2002.09.30;8,654634385;61398
2002.10.01;9,289923077;63277
2002.10.02;9,095672625;45500
2002.10.03;9,0482009;90355
2002.10.04;8,964594796;50025
2002.10.07;8,948101623;48346
2002.10.08;8,923081568;47804
2002.10.09;9,496844446;39746
2002.10.10;9,601412225;65662
2002.10.11;9,574402458;49638
2002.10.14;9,300713701;44432
2002.10.15;9,564591951;47639
2002.10.16;9,446621442;68901
2002.10.17;9,708820798;97808
2002.10.18;10,25395415;72142
2002.10.21;10,31051678;54133
2002.10.22;10,4770996;52963
2002.10.24;9,972168189;89029
2002.10.25;10,51711142;90993
2002.10.28;10,43998608;35713
2002.10.29;10,42679796;71840
2002.10.30;10,49742249;62098
2002.10.31;9,472257565;93016
2002.11.04;8,746280758;36154
2002.11.05;8,735774773;38852
2002.11.06;9,050757686;51841
2002.11.07;8,878838462;55168
2002.11.08;9,062542977;57751
2002.11.11;9,067185638;56135
2002.11.12;9,179056078;46984
2002.11.13;9,922698998;81458
2002.11.14;10,51747914;71056
2002.11.15;10,40784482;58012
2002.11.18;10,44142483;74068
2002.11.19;9,910119879;44693
2002.11.20;9,646416558;71572
2002.11.21;10,3604186;112378
2002.11.22;10,76497753;59413
2002.11.25;9,613958052;84994
2002.11.26;8,625665366;99362
2002.11.27;8,538627808;119934
2002.11.28;8,401759582;109715
2002.11.29;8,989142254;100791
2002.12.02;9,089027364;66768
2002.12.03;8,910760411;81202
2002.12.04;8,694090142;75183
2002.12.05;8,197348495;50365
2002.12.06;8,313531292;36979
2002.12.09;8,300434378;43477
2002.12.10;8,320309087;52604
2002.12.11;9,052850441;73701
2002.12.12;9,31059781;104019
2002.12.13;9,744565922;86683
2002.12.16;9,69368827;70932
2002.12.17;9,288956042;110865
2002.12.18;9,02715206;102916
2002.12.19;8,517293803;110522
2002.12.20;8,82612593;104815
2002.12.23;9,927042351;114905
2002.12.27;9,096905318;70458
2002.12.28;7,599071926;11132
2002.12.30;7,556178916;4310
2002.12.31;7,586122449;69284
